target_n,lambda_liq,n_holdings,weighted_avg_liquidity_score,sector_L1_deviation_pct,maturity_L1_deviation_pct,duration,duration_abs_diff,ytm,ytm_abs_diff_pct,top10_issuer_weight_pct,max_issuer_weight_pct,issuer_hhi,coupon,years_to_maturity,rating_L1_deviation_pct,sector_weights.Banking,sector_weights.Basic Industry,sector_weights.Brokerage/Asset Managers/Exchanges,sector_weights.Capital Goods,sector_weights.Communications,sector_weights.Consumer Cyclical,sector_weights.Consumer Non-Cyclical,sector_weights.Electric,sector_weights.Energy,sector_weights.Finance Companies,sector_weights.Financial Other,sector_weights.Industrial Other,sector_weights.Insurance,sector_weights.Natural Gas,sector_weights.Owned No Guarantee,sector_weights.Reits,sector_weights.Technology,sector_weights.Transportation,sector_weights.Utility Other,maturity_weights.0-1yr,maturity_weights.1-2yr,maturity_weights.2-3yr,maturity_weights.3-5yr,maturity_weights.5-7yr,maturity_weights.7-10yr,maturity_weights.10-15yr,maturity_weights.15-20yr,maturity_weights.20yr+,rating_weights.A-or-better,rating_weights.BBB,rating_weights.Unknown/Ambiguous
50,0.0,50,0.669531482334582,14.590752034895699,5.540139772891189,7.867315803884403,0.009987763549985651,5.56336932912369,0.042066725705455,30.00000000000001,3.0000000000000018,267.1221797694509,4.872147104754703,13.034979836216671,0.1857215401517967,0.24176429677149236,0.0,0.0,0.055875331829312785,0.11923784257441006,0.08315416455432191,0.17865569317687444,0.053443368144740315,0.09327475926794274,0.0,0.0,0.0,0.029999999999999992,0.0,0.0,0.0,0.12,0.02459454368090555,0.0,0.0,0.0,0.0,0.20867771449645622,0.1751502507518078,0.216001298717973,0.060000000000000005,0.08480869438636279,0.2553620416474003,0.5951906970102424,0.37721031592505005,0.027598987064707578
50,0.0025,50,0.7397039120690764,15.860368609937353,11.278919551508688,8.224185832361595,0.3668577920271776,5.671128241322597,0.0656921864934521,30.000040471955558,3.0000056011423837,295.3929566670825,4.805473132957226,13.90737711339268,0.3762860828241059,0.24000024831415273,0.0,0.0,0.030000046374820222,0.12000009324842159,0.09000009178500822,0.1800000800595073,0.054204275197327324,0.09000006362954566,0.0,0.0,0.0,0.05134599047187755,0.0,0.0,0.0,0.1200000641881735,0.024449046731166154,0.0,0.0,0.0,0.0,0.1980002742886184,0.13400020905373253,0.1940002605022471,0.0900000442019229,0.08600004190189914,0.29799917005158005,0.5944495086099569,0.3755504659908856,0.03000002539915763
50,0.005,50,0.7378959660264309,12.487216768849787,0.16172365730410776,7.853362309707635,0.003965730626782182,5.606876670615111,0.001440615785965882,30.00000000001525,3.0000000000052407,264.53254076820235,4.777718787231879,12.801759050543406,0.005041417035965903,0.239458997022441,0.0,0.0,0.05370180671524771,0.11839766487815223,0.08233401713708306,0.17662377389373676,0.050057837758917804,0.08986105032685779,0.0,0.0,0.0,0.04787442830691749,0.0,0.0,0.0,0.12000000000014235,0.02169042396050382,0.0,0.0,0.0,0.0,0.20197564927774558,0.16975967975899073,0.21057434702035285,0.08746151791950206,0.08066395375597196,0.24956485226743677,0.5956130066874273,0.3762565011391112,0.02813049217346141
50,0.0075,50,0.7436107072743852,14.590752015339875,8.004429404835681,7.692093886537041,0.1652341537973765,5.6055585944838615,0.00012253965471664685,30.00000002272604,3.000000003129,286.0502593438214,4.662205988722402,12.354485232676165,0.9566645313160551,0.2366180012629393,0.0,0.0,0.051078426130431974,0.11633096676433696,0.08719359754441967,0.1815935458766078,0.06000000001882172,0.08718546230053856,0.0,0.0,0.0,0.03000000002710063,0.0,0.0,0.0,0.12000000007067836,0.030000000004124915,0.0,0.0,0.0,0.0,0.21585590801933968,0.18485533357639206,0.1940000002482165,0.08600000005266761,0.09128875792943983,0.22800000017394426,0.5985016144302203,0.3714983855677108,0.03000000000206894
50,0.01,50,0.7394332559995809,12.48721676887559,2.074694110787954,7.792001644331138,0.06532639600327972,5.609485716114255,0.0040496612851104175,30.00000000000258,3.0000000000004228,263.10291815802924,4.720740751274042,12.565938483886626,0.02222815747655038,0.23838597861289473,0.0,0.0,0.05262704294761612,0.11740148556494555,0.08150837937619244,0.17560259841659584,0.04928365679064053,0.08891817390044915,0.0,0.0,0.0,0.046272684390650146,0.0,0.0,0.0,0.1200000000000134,0.030000000000002216,0.0,0.0,0.0,0.0,0.20333416911000246,0.17140171303568802,0.21240856969567998,0.08945562584146127,0.08339992231715077,0.24000000000001762,0.5956245489838243,0.37636799681852146,0.028007454197654325
50,0.015,50,0.7340911618235446,12.487216768868775,1.0247390711857218,7.827864208109487,0.029463832224930542,5.627927837564327,0.022491782735182042,30.00000000001675,3.000000000002639,268.36584540756763,4.717681702277836,12.713102126236379,0.7994534099412538,0.23804041161819953,0.0,0.0,0.052302047679587294,0.11706410536192094,0.08135577777920809,0.17475562306634518,0.048023421929821716,0.09430351506065986,0.0,0.0,0.0,0.046942107582638656,0.0,0.0,0.0,0.12000000000004737,0.027212989921571288,0.0,0.0,0.0,0.0,0.20266358208866914,0.17096252651317365,0.21200000000039487,0.08830471865211174,0.07591407524147091,0.25015509750417964,0.5916024297409657,0.3786062736918392,0.0297912965671951
50,0.02,50,0.7392465351342279,12.487216768878143,0.15010382291095298,7.815785202279522,0.04154283805489545,5.621983092294858,0.016547037465713288,30.000000000000078,3.0000000000000226,265.7331890887279,4.829813309262673,12.73812147029427,0.019681837251892334,0.23930447406868985,0.0,0.0,0.05359622042896487,0.1184045146780974,0.08237877349781067,0.17659326094534875,0.050009740308508445,0.08981312405392414,0.0,0.0,0.0,0.04803572777016764,0.0,0.0,0.0,0.12000000000000056,0.021864164248487677,0.0,0.0,0.0,0.0,0.20164271158762176,0.16955170561338664,0.21057394660238854,0.08724989918766271,0.081081844990285,0.2498998920186553,0.5956981059769314,0.3762449823968548,0.02805691162621379
50,0.025,50,0.7402871368866273,15.123504202157548,11.556076384249126,8.060084519525818,0.20275647919140027,5.6763915743933895,0.07095551956424462,30.000000004355176,3.0000000005643788,295.71858627906335,4.836490505413754,13.63702631788118,0.3780950888081024,0.24000000002692187,0.0,0.0,0.06000000000992549,0.1189063929469649,0.09000000000974195,0.17876722450592014,0.03000000000019802,0.0900000000067119,0.0,0.0,0.0,0.048617161191246254,0.0,0.0,0.0,0.12000000000693364,0.02370922129543584,0.0,0.0,0.0,0.0,0.20600000002098612,0.16400000002757195,0.186000000033258,0.060000000003647455,0.08600000000435667,0.29799999991017984,0.5937092213466315,0.37629077865061566,0.030000000002752956
50,0.03,50,0.7391468034353335,10.162308066158014,0.3382625034880165,7.806806405588572,0.050521634745845034,5.623121680277927,0.017685625448781828,30.000000000000014,3.0000000000000018,260.15923420160505,4.863543933244378,12.729170811215663,0.0683534772193805,0.23710925526195625,0.0,0.0,0.05112442918597439,0.115575971110441,0.08046917842306378,0.17424421781737207,0.048336100515528044,0.08791250321551058,0.0,0.0,0.0,0.04709657844961594,0.0,0.0,0.0,0.1365461864336367,0.02158557958690136,0.0,0.0,0.0,0.0,0.2021524317460831,0.16984184327686444,0.21070102909295463,0.08764234104980294,0.0809801967977777,0.2486821580365173,0.5954160192724113,0.376623475610388,0.02796050511720082
50,0.04,50,0.7410065493359804,10.162308066158005,0.8841193999747042,7.79556005968206,0.061767980652357224,5.630548011446724,0.025111956617578812,30.000000000000014,3.0000000000000018,266.5508057775317,4.7305043938798415,12.703839580676064,0.05277498688051781,0.23655103119851953,0.0,0.0,0.05078626356858662,0.11555608350298051,0.07946967317405389,0.1739483673120213,0.04734379291329878,0.08707551535887267,0.0,0.0,0.0,0.0499658821445758,0.0,0.0,0.0,0.13531639941758303,0.023986991409507916,0.0,0.0,0.0,0.0,0.2021627723791031,0.17020593991752633,0.2112836592516615,0.08842298138324875,0.08197177351437651,0.24595287355408382,0.5957126201108489,0.3764326598385167,0.02785472005063448
50,0.05,50,0.7447630264791568,16.430179241407277,7.630220829487374,7.823398697742709,0.033929342591708433,5.633814453554334,0.02837839872518888,30.000000000278636,3.0000000000317586,295.48185948954523,4.693247482222423,12.88508118130847,0.08281658664323031,0.23793394563766446,0.0,0.0,0.05251394195773583,0.12000000000055808,0.08069579115626828,0.1500000000005633,0.06000000000018502,0.0888563212458354,0.0,0.0,0.0,0.06000000000031551,0.0,0.0,0.0,0.12000000000083297,0.030000000000041164,0.0,0.0,0.0,0.0,0.20200000000139123,0.19999999999323867,0.1740000000030224,0.08600000000057488,0.08600000000057445,0.2520000000011984,0.5953702632062436,0.3766957911575072,0.027933945636249128
50,0.06,50,0.7406221352376303,12.487216768878262,2.0746941107914747,7.745935572469921,0.11139246786449686,5.627139182553523,0.021703127724378213,30.000000000000004,3.0000000000000018,265.0556262011043,4.700540893141227,12.52766658858111,0.12412026125830401,0.2385546437522609,0.0,0.0,0.05256000264759833,0.11729424620047083,0.08116798064507472,0.17577077342796166,0.04959052443325866,0.0895811142288861,0.0,0.0,0.0,0.04548071466448886,0.0,0.0,0.0,0.12000000000000001,0.029999999999999995,0.0,0.0,0.0,0.0,0.2033523671469394,0.17117812773844385,0.21284091316962842,0.08957994616173512,0.08304864578325329,0.24,0.595390785249643,0.3769023095305826,0.027706905219774532
50,0.075,50,0.7431184705639303,16.43017924165368,12.83022083009508,7.9510868352743085,0.09375879493989103,5.686404197062033,0.08096814223288806,30.000000000053888,3.0000000000079923,295.3992379807636,4.844474702615729,13.452956244853828,0.37628100299896794,0.2400000000003401,0.0,0.0,0.06000000000011585,0.1200000000001298,0.09000000000007244,0.15000000000004965,0.05406356206730151,0.09000000000007857,0.0,0.0,0.0,0.05126665884000163,0.0,0.0,0.0,0.12000000000011463,0.024669779091795865,0.0,0.0,0.0,0.0,0.21400000000024216,0.17600000000021424,0.17400000000051474,0.06000000000004401,0.08600000000005396,0.2899999999989309,0.5946697790924405,0.37533022090752766,0.03000000000003183
50,0.09,50,0.7416150348874722,16.430179241664845,11.556076397055541,8.019591634439065,0.16226359410464752,5.698813033226125,0.09337697839698045,30.00000000003002,3.0000000000039515,295.3980006402185,4.863967390800511,13.610904126482268,0.37628100299634953,0.24000000000018668,0.0,0.0,0.06000000000006873,0.12000000000006357,0.09000000000004277,0.15000000000004426,0.05414486910585346,0.09000000000004604,0.0,0.0,0.0,0.051272445327930134,0.0,0.0,0.0,0.12000000000006417,0.02458268556570017,0.0,0.0,0.0,0.0,0.2060000000001499,0.16800000000015775,0.18200000000026223,0.06000000000002534,0.08600000000003119,0.2979999999993736,0.5945826855660497,0.37541731443393156,0.030000000000018748
50,0.1,50,0.7403582380486688,12.487216768878246,1.1008985800601068,7.76177764091037,0.09555039942404786,5.630036094781357,0.024600039952211716,30.00000000000002,3.000000000000004,273.9049872866029,4.804695814718356,12.671944922916722,0.5926086252607703,0.23721225648175787,0.0,0.0,0.05082301367834666,0.11875133586560217,0.08497423713555036,0.17890133049926749,0.04814407049955552,0.08733483439831857,0.0,0.0,0.0,0.05037738244621759,0.0,0.0,0.0,0.12000000000000006,0.023481538995383727,0.0,0.0,0.0,0.0,0.19965137499660152,0.17238265025016533,0.2132015257714021,0.08565557203756358,0.0800430272142433,0.24906584973002419,0.5977568125996604,0.3733186650979872,0.028924522302352422
50,0.125,50,0.7379346661378157,12.487216768878264,2.207565478974872,7.696743778456029,0.16058426187838837,5.655718665218922,0.050282610389777105,30.0,3.0000000000000004,264.0414727909287,4.859543961422618,12.565738449189325,0.964006389786758,0.23885138844136555,0.0,0.0,0.04966958778315127,0.11309139837611518,0.08084398253420548,0.1758839037833204,0.05008712810456735,0.09449462663611644,0.0,0.0,0.0,0.04731205481955206,0.0,0.0,0.0,0.11999999999999998,0.029765929521606335,0.0,0.0,0.0,0.0,0.20455104787090264,0.16928694407305536,0.21805965730664545,0.08093887247889792,0.07660167614373206,0.25056180212676665,0.5907796648417382,0.3798252937045827,0.02939504145367915
50,0.15,50,0.7413277700536466,16.813965521821846,11.786136998682315,8.008461520525522,0.1511334801911044,5.665369160658675,0.05993310582953004,30.000000000007386,3.000000000001072,295.83108954354475,4.821531058752583,13.516454381280939,3.2563416448486002,0.24000000000003863,0.0,0.0,0.060000000000017636,0.09000000000001221,0.0900000000000119,0.17894738368688134,0.060000000000004036,0.09000000000001451,0.0,0.0,0.0,0.049408435408671625,0.0,0.0,0.0,0.12000000000001423,0.021644180904333937,0.0,0.0,0.0,0.0,0.19400000000005302,0.16800000000003554,0.18200000000005317,0.0900000000000085,0.060000000000003016,0.3059999999998468,0.6099999999999475,0.36000000000004806,0.03000000000000449
50,0.175,50,0.7428782141811059,13.036792138802506,0.4846446285623401,7.717512326713868,0.1398157136205498,5.655878273291471,0.05044221846232588,30.000000000000004,3.000000000000001,263.6046568168022,4.935041206201181,12.864579240970011,0.21826542679122818,0.238825247613026,0.0,0.0,0.05355844642572496,0.11739296175020551,0.0815478539884159,0.17672226900128712,0.05232552647423381,0.0903542968651454,0.0,0.0,0.0,0.0493975008614508,0.0,0.0,0.0,0.13987589702051048,0.0,0.0,0.0,0.0,0.0,0.2027247532565127,0.17006876780684838,0.2100312417657577,0.08671340808142478,0.08160755458044378,0.24885427450901262,0.5954014082748353,0.37737303535824723,0.027225556366917508
50,0.2,50,0.7411523560299997,10.162308066158015,0.8988479263588891,7.733774336895977,0.12355370343844019,5.653264781593733,0.04782872676458805,30.000000000000014,3.0000000000000018,261.18277140217026,4.859750048784449,12.820616166550026,0.4749487658081808,0.23649284170496204,0.0,0.0,0.049091111563848225,0.11367955483277026,0.07798099280670015,0.17313171568852948,0.05043422483424606,0.08908170181615188,0.0,0.0,0.0,0.04741980082503221,0.0,0.0,0.0,0.1378814379058267,0.02480661802193317,0.0,0.0,0.0,0.0,0.20440817569166658,0.17054889328118053,0.2110750810895839,0.08755327562399129,0.0793691337515854,0.24704544056199243,0.5942923112902594,0.37865645205333204,0.02705123665640874
50,0.25,50,0.7420098142710401,12.487216768878264,0.631936626475511,7.748887981565306,0.10844005876911122,5.653949357823056,0.048513302993911545,30.00000000000001,3.0000000000000013,266.7797035731607,4.857432309608436,12.864279644947842,0.09952123031702377,0.2385054353997152,0.0,0.0,0.05345009317045336,0.11744508361003886,0.08415125266676216,0.17671350304731,0.04964400295242714,0.09055720822640775,0.0,0.0,0.0,0.0484619694948453,0.0,0.0,0.0,0.12,0.021071451432040277,0.0,0.0,0.0,0.0,0.20243441219371702,0.16887315602189196,0.21164400295242716,0.08563475996596237,0.08188024793911594,0.24953342092688557,0.5960973029422572,0.37590337707287313,0.02799931998486987
50,0.3,50,0.7421808503904852,10.162308066158014,2.267227204062143,7.737522169527237,0.11980587080718053,5.63861747808122,0.03318142325207507,30.000000000000014,3.0000000000000018,264.52317067400315,4.8862991535296185,12.844961834597408,0.08324258269770957,0.23312204863291547,0.0,0.0,0.048856665678602806,0.11412609715489623,0.07969396764253886,0.17136213648013993,0.05339684944569553,0.08615307293221074,0.0,0.0,0.0,0.05008072294505913,0.0,0.0,0.0,0.14044184225428058,0.022766596833660845,0.0,0.0,0.0,0.0,0.20690112720354908,0.17228676416285862,0.20707050480917333,0.08301034800362458,0.08412609715489622,0.24660515866589822,0.5958268388501877,0.3758654953108026,0.02830766583900987
50,0.4,50,0.7434855726746601,10.162308066158014,2.420157983693831,7.66967594780902,0.18765209252539705,5.647827074217132,0.042391019387987505,30.00000000000001,3.000000000000001,265.41589784371195,4.829699956703237,12.60737850268195,0.7781968024979287,0.236200986516267,0.0,0.0,0.04846036005737686,0.1128471830633397,0.07766053421550266,0.1736100893923633,0.051536885732505325,0.09077702418115635,0.0,0.0,0.0,0.04078650148129509,0.0,0.0,0.0,0.13812043536019383,0.029999999999999995,0.0,0.0,0.0,0.0,0.2072078555620659,0.17154029783703686,0.21332340455227777,0.08912041802171652,0.07880802402690318,0.24,0.5934040538047479,0.3801726922367808,0.026423253958471487
50,0.5,50,0.7450529282572946,15.140327404819931,2.5016276252058556,7.685946699576248,0.17138134075816946,5.679447537644248,0.07401148281510306,29.999999999999993,3.0000000000000004,284.8035742449719,4.859196471927735,12.691719931345233,0.3762810029926039,0.23999999999999996,0.0,0.0,0.05949461026261702,0.12,0.08583993826557366,0.18001057246122068,0.052628993502582155,0.09399999999999997,0.0,0.0,0.0,0.029999999999999992,0.0,0.0,0.0,0.1380258855080065,0.0,0.0,0.0,0.0,0.0,0.20482831228119952,0.1664238472886456,0.21388154818336175,0.08986582377358023,0.08392970549924157,0.24107076297397131,0.5955527805978641,0.3744472194021358,0.03
50,0.75,50,0.7429683483679308,14.590790832241183,12.31872265212247,7.986482119170397,0.1291540788359793,5.722365110944941,0.11692905611579629,30.00000000000002,3.000000000000002,294.9032148292681,4.850203879334062,13.791103905736655,3.256341644858189,0.2400000000000001,0.0,0.0,0.06000000000000004,0.12000000000000005,0.09000000000000004,0.17562777362350468,0.06000000000000003,0.09000000000000004,0.0,0.0,0.0,0.030000000000000013,0.0,0.0,0.0,0.12000000000000005,0.014372226376494993,0.0,0.0,0.0,0.0,0.1940000000000001,0.1680000000000001,0.18600000000000017,0.060000000000000026,0.09000000000000004,0.3019999999999997,0.61,0.3600000000000002,0.030000000000000016
50,1.0,50,0.7450918013736019,15.361700841522765,2.0027363132927367,7.611260464967077,0.24606757536734047,5.6609396754685255,0.055503620639380635,30.000000000000014,3.000000000000002,269.01746691811576,4.90855084062066,12.819807492845902,0.7033059749573013,0.2403761838260087,0.0,0.0,0.053562296094200865,0.11874140113822763,0.08840720444878458,0.18203879568092907,0.05271240311680774,0.09358403099462861,0.0,0.0,0.0,0.05057768470041282,0.0,0.0,0.0,0.12000000000000002,0.0,0.0,0.0,0.0,0.0,0.20502207793757954,0.17015559664786456,0.21471240311680778,0.07977411871575814,0.08255186165178326,0.24778394193020678,0.5976716446023245,0.37772629028742505,0.024602065110250548
50,1.5,50,0.7476063249297337,13.948528859522671,4.037139712207738,7.511669376450188,0.3456586638842296,5.655146797156974,0.04971074232782957,30.00000000000001,3.0000000000000018,266.9763481676965,4.922378353471462,12.531999124652033,1.6733177131721466,0.23647715807820685,0.0,0.0,0.05490330423368109,0.11633144588132073,0.08079352607894356,0.18065783146158987,0.05608135537955241,0.09564724630946794,0.0,0.0,0.0,0.03595899272648627,0.0,0.0,0.0,0.14314913985075123,0.0,0.0,0.0,0.0,0.0,0.21333836422459357,0.17149345562782783,0.2172467931047738,0.08314913985075122,0.07564724630946792,0.2391250008825856,0.5926737756633885,0.3846482967901518,0.022677927546459687
50,2.0,50,0.748028696952785,14.340327404819922,4.973331985346527,7.508985028282958,0.34834301205145923,5.656287129322173,0.05085107449302839,30.00000000000001,3.0000000000000018,268.71173799194,4.913953383014402,12.526208575116458,1.0401393655090323,0.23313878758939047,0.0,0.0,0.05873382114618303,0.11632589604257965,0.08985634191267222,0.17974185259257663,0.052793550700695066,0.09656634595040134,0.0,0.0,0.0,0.03400000000000001,0.0,0.0,0.0,0.13884340406550152,0.0,0.0,0.0,0.0,0.0,0.21660494490375548,0.16486585833706688,0.2205253515844448,0.08284340406550152,0.07516044110923129,0.24,0.5915080785237691,0.38148240505183617,0.02700951642439467
100,0.0,100,0.6845284790272682,1.2262165649655532,0.10048544119693713,7.8573280386536934,1.6807240044158789e-09,5.6054360875746925,3.2745547606793934e-08,26.364244667875862,2.9187067584378443,180.22142894731468,4.925767678864094,13.388501281041453,3.2818508327592255e-09,0.23310595895966782,0.017654856483885983,0.011907218244198926,0.04730380425385744,0.11207167818670655,0.07602980519998971,0.17015274691269947,0.04361937168545757,0.08345599563210361,0.007463956296001965,0.0,0.0,0.040955610847006774,0.0,0.0,0.009406164409638327,0.13206247797053525,0.014810354918250595,0.0,0.0,0.0,0.0,0.20189696934522786,0.1697130158203483,0.21053414331367376,0.08728200949994835,0.08061908113822798,0.24995478088257378,0.5955996967973591,0.3762817082078818,0.028118594994759088
100,0.0025,100,0.763909430343537,9.355211098000314,0.10048544119693435,7.855264549126634,0.0020634912077834855,5.60635957961982,0.0009235247906751454,30.000000000022986,3.0000000000045914,266.68669712888783,4.854005348126705,13.392918575082291,0.0012206254454673326,0.23732927932057865,0.021895214775722874,0.0,0.05154968041782394,0.11631204011936257,0.08029392746862295,0.17438431871036883,0.030000000000045914,0.08769395390250335,0.0,0.0,0.0,0.045198920299368714,0.0,0.0,0.0,0.13631035605779587,0.01903230892780641,0.0,0.0,0.0,0.0,0.20187173516441262,0.16969998500448288,0.21054265126390576,0.08726122719981838,0.08063820197906084,0.24998619938831954,0.5956041186633196,0.3762833894788707,0.028112491857809695
100,0.005,100,0.7639866152824099,9.355211098008946,0.10048544119693713,7.853296756808136,0.004031283526281015,5.606904285626599,0.001468230797454062,30.000000000001,3.0000000000002656,266.1778545952037,4.8560280440409365,13.342183832772328,0.0027991495870433036,0.23731505947755377,0.021897360451569644,0.0,0.05155450008159487,0.11631251046757496,0.08031794945144217,0.1743758984665461,0.030000000000002656,0.08769003787500568,0.0,0.0,0.0,0.045202430578854425,0.0,0.0,0.0,0.13631821652150886,0.01901603662834675,0.0,0.0,0.0,0.0,0.20184709355054603,0.16968748535623177,0.2105500073689157,0.08724102690400302,0.08065831154234798,0.25001607527795555,0.5956082746089584,0.3762871261539397,0.028104599237101707
100,0.0075,100,0.7600854291663045,2.125906165437302,0.970768606692082,7.839465889547377,0.017862150787040676,5.600156576873469,0.005279477955675738,30.000000000000078,3.0000000000000147,234.6712291217138,4.916324445242631,12.897168151047481,0.009483521104806936,0.23226625136644574,0.01689992447713757,0.011055319545912377,0.04646856028295722,0.11123223361672308,0.07529520812387205,0.16937607203077842,0.04275282580367102,0.08268480420669778,0.006563458210517898,0.0,0.0,0.0458344187328696,0.0,0.0,0.008544230022120992,0.1313414847926696,0.019685208787626623,0.0,0.0,0.0,0.0,0.2026623970699917,0.17050061140171324,0.2114277055020697,0.08818156738223792,0.08170809112349052,0.24551962752049694,0.5955999408806412,0.37632888173984586,0.028071177379512993
100,0.01,100,0.7614302517728855,6.718923663303872,0.10048544119693019,7.860632201551421,0.0033041612170032764,5.602467429851465,0.002968624977679468,30.00000000000005,3.000000000000006,264.1370911611853,4.834111727038999,13.052005390656328,0.01783647190973514,0.2358068459771312,0.020392385985944936,0.0,0.049921860410344805,0.1146088219984818,0.07875173974920438,0.1727714901727413,0.04614416382660262,0.08598781115915854,0.0,0.0,0.0,0.04353992610001601,0.0,0.0,0.0,0.13469209872130936,0.017382855899065117,0.0,0.0,0.0,0.0,0.20194298779746456,0.1697326735012555,0.21053470203330563,0.08724008572275815,0.08063163949660848,0.24991791144860764,0.5955980337767838,0.3763708905838397,0.028031075639376485
100,0.015,100,0.7610352305523391,2.8090602477515514,2.3911497903953274,7.817147681284128,0.04018035905028938,5.59805726712602,0.007378787703125056,30.000000000000043,3.000000000000015,239.56923461627645,4.830974876494603,12.80780081395406,0.015252321085054699,0.2319252995140135,0.01666217243567423,0.010695953005653541,0.04629469368776878,0.11099801609346822,0.07510999291861328,0.16917097618973176,0.04260596540807016,0.08248628848939384,0.006224545474126581,0.0,0.0,0.04000000000000303,0.0,0.0,0.008255688242293583,0.1311526869392092,0.028417721601980424,0.0,0.0,0.0,0.0,0.2038303830357432,0.17180769732026316,0.21291267715082063,0.08965392855615596,0.08337759233503644,0.23841772160198077,0.5955820431112221,0.37635796982971637,0.028059987059061625
100,0.02,100,0.761068583346328,2.801557508045878,2.3894252076172737,7.816821424362316,0.04050661597210148,5.59799888814914,0.007437166680005269,30.00470550043103,3.001123009472537,239.5114286812857,4.831060190053149,12.807273343866937,0.02111836187527541,0.23192880975857055,0.016684762259653645,0.010670196865927174,0.04628539615729976,0.11094771006901585,0.07515083537081575,0.16918131601002565,0.04260131795677975,0.082496705902893,0.006168609236434175,0.0,0.0,0.04014414185677474,0.0,0.0,0.008212099373724363,0.13114789127863363,0.028380207903452036,0.0,0.0,0.0,0.0,0.20387434929447482,0.1718041126295988,0.21292599002178697,0.08962598013431428,0.08334322340395427,0.23842634451587105,0.595583227184247,0.3763873000336675,0.028029472782085584
100,0.025,100,0.7612493052455169,2.8020367832850757,2.3845191021965717,7.814285621153805,0.04304241918061269,5.596892474225173,0.008543580603971535,30.007382456995728,3.0014664086113934,238.54190327457025,4.834347712875647,12.804098270603268,0.026822148305524762,0.2319298694998675,0.016711674372315233,0.01064723987243353,0.046285772494422825,0.11091500894550888,0.07520069048551911,0.16919931385825304,0.0426048080674081,0.08251543052827955,0.006117568667121651,0.0,0.0,0.040157833007494696,0.0,0.0,0.008175251621446155,0.1311569343002818,0.02838260427964802,0.0,0.0,0.0,0.0,0.20388497669912561,0.17178521164491262,0.21293836301585645,0.08960031480284991,0.08334025879428099,0.23845087504297452,0.5955829079094037,0.37641581896581877,0.02800127312477771
100,0.03,100,0.7618400959464168,2.8158348059642493,2.3719230927738333,7.806585559170244,0.050742481164173014,5.594666747945275,0.010769306883870122,30.007529913998166,3.0013644200779366,239.35603143437984,4.850468222864006,12.796529035555315,0.03262712805474355,0.2319057903324855,0.016730480320098436,0.010603893746593138,0.046288391958286317,0.11089065634034358,0.07524264969584121,0.16921611950963086,0.04260867512582318,0.08253461817936986,0.006054305788757611,0.0,0.0,0.04015459867885679,0.0,0.0,0.008135683887974197,0.13118254204289556,0.028451594393043945,0.0,0.0,0.0,0.0,0.20381814716156205,0.1717316527799203,0.21294744157200324,0.08958911185891057,0.08339979153751584,0.23851385509008832,0.5955785358329326,0.37644484386456484,0.02797662030250267
100,0.04,100,0.7621981840660195,2.8226350452871416,2.363511681922854,7.801446086027648,0.05588195430676901,5.590163256241706,0.01527279858743924,30.010342277097283,3.0015704719282095,239.04224475476826,4.847224129336386,12.787659410379032,0.04228418666574335,0.23187547856100688,0.016750278531869518,0.010521601405837102,0.04630681945988301,0.11084622954985318,0.07535780753405359,0.1692677066678872,0.042630428598369394,0.08258790178085046,0.005958298305320802,0.0,0.0,0.04015611355065869,0.0,0.0,0.008028492721300455,0.1312272477434514,0.028485595589658314,0.0,0.0,0.0,0.0,0.20381600168306963,0.17168641977356064,0.21301693704182367,0.08953417517174117,0.08339055418546185,0.23855591214434307,0.5955570306873695,0.3764931291576198,0.027949840155010716
100,0.05,100,0.7623913578793967,2.829170050790923,2.3710399873560144,7.800212600827644,0.05711543950677367,5.5894928227785945,0.01594323205055037,30.00000000000001,3.0000000000000018,239.3349840608491,4.848981485218396,12.785761911841057,0.048993990996457765,0.23182970578739964,0.016744133334681725,0.010409705191349403,0.04633240144995787,0.11078452626683566,0.0754752149206193,0.1693324679253428,0.042665144725615035,0.08265298047392239,0.0058801225901015195,0.0,0.0,0.040212245854242136,0.0,0.0,0.007890669711505465,0.13127241115125,0.028518270617177363,0.0,0.0,0.0,0.0,0.2038801008458415,0.17166985482609107,0.21313262444120665,0.08948254760260613,0.08331660166707755,0.2385182706171774,0.5955242390554117,0.3765266781792734,0.027949082765314957
100,0.06,100,0.762566438841791,2.8236725788052395,2.363840986469703,7.798143230467199,0.059184809867218746,5.587329131211538,0.018106923617606796,30.007963218940247,3.0011763946321808,239.43743183409148,4.847893507039869,12.780298275254873,0.05696761077824651,0.23179275538888425,0.01674851589869699,0.01030923915505698,0.046356937441734386,0.11072955600502207,0.07559392283525065,0.16939481934581543,0.042697687414482086,0.0827166070982388,0.005796908704424878,0.0,0.0,0.04029010766554004,0.0,0.0,0.0077644910695776805,0.1313197208214256,0.028488731155850162,0.0,0.0,0.0,0.0,0.20391691817569202,0.17163688464010693,0.2132246223828515,0.08941975757124608,0.08324755160849467,0.23855426562160884,0.5954942684521185,0.3765665462781823,0.027939185269699244
100,0.075,100,0.7627074482061422,2.857959172344956,2.373530231401348,7.796649177834179,0.06067886250023857,5.586859563277758,0.01857649155138663,30.00000000000001,3.0000000000000013,239.52698768835694,4.84878762908072,12.77775002656585,0.070393100709875,0.23175939703877801,0.0167738997408985,0.01017832668032282,0.04637297436146578,0.11067565789448781,0.0757482675618488,0.16946892473033687,0.04272648007327466,0.08279044209648936,0.005660090787226629,0.0,0.0,0.04038634994624127,0.0,0.0,0.00759193043860519,0.13136143925307375,0.02850581939695065,0.0,0.0,0.0,0.0,0.20402995836770899,0.17162350928890466,0.2133496442009803,0.08934878916067573,0.0831422795847798,0.23850581939695065,0.5954656498465118,0.3766336737278405,0.027900676425647815
100,0.09,100,0.7628264075929672,2.8851150764024447,2.3777305464214424,7.795484830348799,0.06184320998561876,5.586820735152122,0.018615319677023123,30.000000000000004,3.000000000000001,239.489218545757,4.849489208398743,12.77614068301412,0.08373624895025335,0.23172869320718334,0.01680120765650879,0.010047743127217977,0.04639221496270604,0.11062358330311291,0.07590504865723668,0.16954691164366567,0.04275967071788073,0.0828686499142962,0.00552703659462639,0.0,0.0,0.04048689368839438,0.0,0.0,0.007420862815033378,0.13140666589028743,0.028484817821850222,0.0,0.0,0.0,0.0,0.20414212592115058,0.1716061564398842,0.2134711543329879,0.08927236375190414,0.08302338173222315,0.23848481782185021,0.5954361149661583,0.3767003894690424,0.027863495564799414
100,0.1,100,0.76290571385085,2.910468316389318,2.380530756434823,7.794708598691875,0.06261944164254274,5.586794849735029,0.018641205094115598,29.999999999999993,3.0000000000000004,239.4806100002613,4.84995692794409,12.77506778731296,0.0926316811105294,0.23170822398612023,0.0168194129335823,0.009960687425148065,0.04640504203019953,0.11058886690886294,0.07600956938749526,0.16959890291921814,0.042781797814284754,0.08292078845950075,0.005438333799559554,0.0,0.0,0.04055392284982976,0.0,0.0,0.007306817732652153,0.13143681698176318,0.028470816771783237,0.0,0.0,0.0,0.0,0.2042169042901116,0.1715945878738705,0.21355216108765962,0.08922141347938971,0.08294411649718533,0.2384708167717832,0.5954164250459225,0.37674486662984363,0.027838708324233723
100,0.125,100,0.7631172583113115,2.984059108900396,2.3885530688071155,7.792761065760428,0.06456697457398963,5.586748660497306,0.01868739433183908,30.003985940464915,3.00096927735554,239.67967910273757,4.851374853754913,12.772776391384088,0.11817873497930384,0.23168738688593155,0.016895908808213345,0.00977373454694978,0.04641780794978268,0.1105328871783983,0.0762521813597858,0.16971072854513322,0.04281845336796842,0.08303230928717355,0.005197558004696449,0.0,0.0,0.04070278916998304,0.0,0.0,0.00705266990376782,0.13149254065239924,0.02843304433981687,0.0,0.0,0.0,0.0,0.20441554523508193,0.17157647004460078,0.21371580150644987,0.08910482214117227,0.08275665586277339,0.23843070520992174,0.5953834988725387,0.37687260189918764,0.027743899228273784
100,0.15,100,0.7633257474310667,3.098899843778323,2.3915355855443488,7.788858452201937,0.06846958813248083,5.584116529351012,0.021319525478133095,30.00000000000001,3.0000000000000013,240.915506074531,4.83691295819899,12.764113499845328,0.14492589103352466,0.23166608163506963,0.016975260543367343,0.009591618295882511,0.04642799998799113,0.11047321998518451,0.07649370531056325,0.1698154036369895,0.04284867115760539,0.08313876183868439,0.004946391558449795,0.0,0.0,0.04084567678271751,0.0,0.0,0.0068038776274282715,0.13155753901383113,0.028415792626235545,0.0,0.0,0.0,0.0,0.2045773372866606,0.1715451579939123,0.21386859609638076,0.08898912171067243,0.08260399428613827,0.23841579262623552,0.5953522003299898,0.3770063376794587,0.027641461990551522
100,0.175,100,0.7622327649165379,2.6485505145769874,0.5283061570729091,7.806031477924822,0.051296562409595126,5.592787102336985,0.012648952492160248,29.99999999999999,3.0,253.54661987343158,4.946205473397365,12.870387758877031,0.14943817412611077,0.23303593143790136,0.018921384176432854,0.007078044132595055,0.04784777232793976,0.11243698278522536,0.07823414830926534,0.17130394028364415,0.043754278621254125,0.08347743979175642,0.004305591694224407,0.0,0.0,0.04214485491570476,0.0,0.0,0.009006995953188206,0.13284852571792566,0.015604109852942465,0.0,0.0,0.0,0.0,0.2029098784771875,0.16942245884125984,0.21134019345200386,0.0852659870725204,0.08118568497516154,0.24987579718186687,0.595351051820934,0.37702889909492154,0.027620049084144383
100,0.2,100,0.7636607083534889,3.2999310168182694,2.408292729735818,7.78454336701036,0.07278467332405736,5.583508668600566,0.021927386228578705,30.000000000000004,3.000000000000001,240.69496789905952,4.839518139333425,12.756380558724848,0.20372273284471992,0.2316912659779546,0.017194909202694696,0.0092851142312622,0.04640801909756,0.1104268593465109,0.07693260962879991,0.16999076820676018,0.04287468440199106,0.08331501972412653,0.00441730654778073,0.0,0.0,0.04109624483903726,0.0,0.0,0.006362801620254581,0.13167239026998911,0.028332006905278297,0.0,0.0,0.0,0.0,0.20498984569356804,0.17153046025023785,0.2141059692749598,0.08878070647473829,0.0822610114012178,0.23833200690527828,0.5953244847731947,0.3773003218885147,0.027375193338290738
100,0.25,100,0.7640495122571658,3.6059735678965747,2.4206995764542922,7.779720267044381,0.07760777329003687,5.582167274930289,0.023268779898855563,30.00000000000001,3.0000000000000013,240.59753893100776,4.842205005699041,12.747825849421705,0.25010935069604556,0.23159758873990238,0.01729681999080339,0.008861370551391235,0.046459744609838274,0.11026087786461425,0.07744408371722512,0.17023722720937612,0.04297167918791605,0.08356256684817027,0.003957926714658673,0.0,0.0,0.04141792378542575,0.0,0.0,0.005804637988025685,0.13185758012096693,0.028269972671685847,0.0,0.0,0.0,0.0,0.20535168106661086,0.17147099828002832,0.21449038467001086,0.08853106420032902,0.08188589911133504,0.23826997267168584,0.5952332756737031,0.37753225497777126,0.02723446934852561
100,0.3,100,0.7669190204496403,2.8333785834945293,0.7164412425819469,7.814352475346108,0.04297556498830968,5.591407177545334,0.014028877283810637,30.006153859101193,3.001818482695345,258.27785272245796,4.900017742014763,12.870291362149246,0.26056096171471893,0.23293682602747862,0.018702889513032773,0.01159114480874716,0.04790671304989179,0.11190904420950276,0.0793840973684223,0.1711088076049598,0.04283818199673883,0.08271597175463984,0.002094787803542442,0.0,0.0,0.04191338970198954,0.0,0.0,0.0065089984682936,0.1354765820284408,0.014912565664319949,0.0,0.0,0.0,0.0,0.20326325271221282,0.1691677665665145,0.21213648710949523,0.08528109194561918,0.08098144634408433,0.24916995532207412,0.5953880087443914,0.3775845130328647,0.02702747822274408
100,0.4,100,0.7635269773734131,6.73184130877157,1.0688003883801849,7.802521253142626,0.054806787191791884,5.591152532182863,0.014283522646281632,30.00000000000001,3.0000000000000013,263.6842462092405,4.84968244377904,12.830118693063834,0.44847456882472075,0.23411487592400265,0.024360828517513873,0.0,0.04899361776567889,0.11359861574425564,0.08097355214510214,0.17265705591112734,0.04434138431017253,0.08295347295775707,0.0,0.0,0.0,0.04435141019642996,0.0,0.0,0.0,0.13616204759337444,0.01749313893458559,0.0,0.0,0.0,0.0,0.20493624901899538,0.1701694712286601,0.20979465469413838,0.08416204759337444,0.0822161341952387,0.24872144326959314,0.5950479122542528,0.37852408106841473,0.026428006677332624
100,0.5,100,0.7661048654857303,7.153363500229746,1.3870455466871736,7.755318894810926,0.10200914552349172,5.594729306466244,0.010706748362901308,30.00000000000001,3.0000000000000018,267.04346850071664,4.85893687485191,12.669103252957141,0.6754900696427215,0.23407811088941433,0.02439068476715188,0.0,0.04784403767111496,0.11287319393526556,0.08108501091031234,0.17224658534728213,0.044655780313234444,0.08084586200046617,0.0,0.0,0.0,0.045577319953120574,0.0,0.0,0.0,0.13713500937328407,0.01926840483935367,0.0,0.0,0.0,0.0,0.20510074610712978,0.16982805669399625,0.21075690978521816,0.08313500937328408,0.08367777293466315,0.24750150510570867,0.5946338441367756,0.3796591585725047,0.025706997290719832
100,0.75,100,0.7709387703575079,7.961461823815672,1.5153049383770916,7.804378755270255,0.05294928506416241,5.612306463615531,0.006870408786386228,29.999999999999982,2.9999999999999987,258.899020218973,4.934906865933463,12.918175535220614,0.6947919905600595,0.23379572230369308,0.021234628296892072,0.00815972956066352,0.04945072401421507,0.11227824299284919,0.08504218854463265,0.17466900745744057,0.04379069191237524,0.08502844066967027,0.0,0.0,0.0,0.04641430359525958,0.0,0.0,0.0,0.14013632065230877,0.0,0.0,0.0,0.0,0.0,0.2034487972288233,0.1699428710097448,0.216077770849474,0.08394823271780108,0.07999999999999996,0.24658232819415707,0.5948537795182847,0.3797556681770914,0.025390552304624028
100,1.0,100,0.7685033070424158,10.895366222961854,3.321408723474212,7.690414418665389,0.16691362166902834,5.603653541038641,0.0017825137905038702,30.000000000000014,3.000000000000002,244.95294212916568,4.968957583401275,12.64324880940805,0.5173627442495471,0.22951550102346818,0.015013436256207645,0.0020000000000000013,0.05036543995860349,0.10647996053702029,0.08501415331317622,0.1781391275775717,0.045091545055199474,0.08688455812517663,0.0,0.0,0.0,0.059138563324738366,0.0,0.0,0.002000000000000001,0.14035771482883788,0.0,0.0,0.0,0.0,0.0,0.20435771482883788,0.16998649961138773,0.22415574357330192,0.08501415331317623,0.07934732534855765,0.23713856332473846,0.5943294877026717,0.37886852194553877,0.026801990351789512
100,1.5,100,0.7704735081668345,14.219031268806345,3.2806894466959875,7.639997189830779,0.21733085050363865,5.600850663626155,0.004585391202989619,29.999999999999993,3.0,275.0098311532167,4.9320538619753505,12.542122241609526,1.064447759664134,0.23117365057320305,0.02877346399832473,0.0,0.050542525208801856,0.08999999999999997,0.09288028005636093,0.17810514880275996,0.0479298329342003,0.08526218186801215,0.0,0.0,0.0,0.055954993276676676,0.0,0.0,0.0,0.1393779232816603,0.0,0.0,0.0,0.0,0.0,0.21176931104202304,0.17116302792767363,0.21477346399832462,0.0792834687680717,0.08112590205303007,0.24188482621087692,0.5956899639934372,0.3815136798198464,0.02279635618671632
100,2.0,100,0.7654671982525015,16.55644392360286,12.792867085184751,8.007532463731255,0.15020442339683804,5.6474260962689655,0.04199004143982066,30.00000000000001,3.0000000000000013,285.6768201575399,5.01474145091477,13.606750032562863,1.119354641748462,0.23426754538250993,0.03200000000000001,0.0,0.05841955106391991,0.09000000000000001,0.09,0.17482877650948836,0.030000000000000006,0.09292664537917736,0.0,0.0,0.0,0.04902342973335114,0.0,0.0,0.0,0.14853405193155325,0.0,0.0,0.0,0.0,0.0,0.18000000000000002,0.1959193540104307,0.17200000000000001,0.08400000000000002,0.09692664537917733,0.2711540006103919,0.5938539731844568,0.3818784814330334,0.024267545382509893
200,0.0,200,0.6581013527115689,0.6694059208834922,0.10048544119693435,7.857328039560221,7.741967067431688e-10,5.605436054690113,1.390318971061788e-10,16.77880427341758,2.023426699043867,102.4385313411693,5.013618046577441,13.14006569195325,7.845254307303762e-09,0.23289115969128868,0.017440057316871437,0.011692419043436103,0.047089005127624387,0.11185687904082284,0.07581500605349151,0.1699379477031629,0.043404572475884584,0.08324119652654816,0.007249157144668718,0.0,0.0,0.04074081166220374,0.0030071885287219807,0.0,0.009191365220947429,0.13184767881123857,0.01459555565308893,0.0,0.0,0.0,0.0,0.2018969691876193,0.16971301572940153,0.21053414317013092,0.08728200951060243,0.08061908127627365,0.2499547811259722,0.5955996967514456,0.37628170823322094,0.028118595015333335
200,0.0025,200,0.775350738806695,1.2262165649655603,0.10048544119694407,7.856534172633336,0.0007938677010814743,5.604578055071787,0.0008579997573576748,30.011180416633888,3.004173901674308,218.73510547154078,4.8826823672775,13.784988332933708,0.003585806134015837,0.2331087935607251,0.01766056319563606,0.01192443672062575,0.04732082685205656,0.11205168173071534,0.07604409369497614,0.17015501379852235,0.04361716775991165,0.08345542994399434,0.007404700315687907,0.0,0.0,0.040965426599299345,0.0,0.0,0.009402407170588552,0.13208516618708038,0.01480429247018056,0.0,0.0,0.0,0.0,0.2018899219114958,0.16970553380089437,0.21054078773012802,0.08727744725895328,0.08062819237879051,0.24995811691973813,0.5956049313708484,0.37629440267478476,0.028100665954366996
200,0.005,200,0.7700442098550752,5.025112981785755,0.10548463934333223,7.851230713273175,0.006097327061242552,5.597170770954938,0.008265283874206553,30.003751213331707,3.0018632676208674,216.7947414523502,4.902875174264516,13.763695460825106,0.008401041417249386,0.23476494811007237,0.01932804935904577,0.013626253050854393,0.048939421127443844,0.10006016058361084,0.07769379139357656,0.1718054036463796,0.040002506890571304,0.08508174987081349,0.0,0.0,0.0,0.0425611120857514,0.004855629100774573,0.0,0.011066572782546717,0.13378694287993598,0.016427459118623165,0.0,0.0,0.0,0.0,0.20178823528415768,0.16966240750759043,0.21052148640843477,0.08724489596320001,0.08068876763919525,0.2500942071974219,0.5956296207264886,0.37629378949556064,0.028076589777950803
200,0.0075,200,0.7685709225441569,1.2262165649655656,0.18996488175881643,7.859386367981537,0.002058327647119107,5.5628203829353815,0.04261567189376336,29.371189184218288,3.0003920623853917,201.58414006613543,4.848333963802671,13.73449616239439,0.016442491883127477,0.23300066875084313,0.01755526184874479,0.011958809324043265,0.04720828080597829,0.11196205276864914,0.07602524279787108,0.17002012173329034,0.043545049331592006,0.08328922840286174,0.0072525928432082476,0.0,0.0,0.04139186614919372,0.0,0.0,0.009192806634783718,0.13244948968529646,0.01514852892364418,0.0,0.0,0.0,0.0,0.20202837873197463,0.16988177402951457,0.2106750420745597,0.08745581562737306,0.08026646784458501,0.2496925216919932,0.5956375475245973,0.37632606994978146,0.028036382525621528
200,0.01,200,0.7692840150661698,1.2262165649655443,0.19399492777428357,7.857967255379003,0.0006392150445853062,5.560456307240293,0.044979747588851815,29.92289522454927,3.000343331690845,204.42128151512023,4.825862619847739,13.728548158448998,0.02083719405528671,0.23297937151969553,0.017551198087880703,0.011971211240614829,0.04720420570907302,0.11195302975200347,0.07606383805188487,0.17001076968727014,0.043536192937104326,0.08326634351960009,0.007206481709334553,0.0,0.0,0.04143262626855339,0.0,0.0,0.009154810509487096,0.13250326958771175,0.01516665141978614,0.0,0.0,0.0,0.0,0.20203029011024864,0.16988921448426397,0.21067632195663252,0.08746533414235402,0.08026221429503425,0.2496766250114665,0.595650974226244,0.3763346167589953,0.02801440901476052
200,0.015,200,0.7732020430461579,1.5529653179122436,0.10048544119691492,7.853358881577305,0.003969158757112012,5.599105571902061,0.006330482927084269,30.00000000000092,3.0000000000003335,218.72823432909178,4.840087409584339,13.580277082044375,0.026015642710781883,0.2332125971468283,0.01783070612075468,0.012155145849105804,0.04755199441871783,0.11000000000001085,0.07628133290469391,0.1703370682689436,0.04374815715474023,0.08359634404809825,0.007240719220930322,0.0,0.0,0.04118035156320763,0.0,0.0,0.009540297907021074,0.13237638720956157,0.014948898187385823,0.0,0.0,0.0,0.0,0.20186760683794142,0.16966965541386358,0.21059673935867088,0.08725564339633454,0.08065825449706303,0.24995210049612637,0.5956361408165423,0.37637534241197457,0.02798851677148305
200,0.02,200,0.7737346525208131,1.552965317913687,0.10217094287475574,7.849333080693234,0.007994959641183463,5.5977032034555645,0.007732851373580374,30.00000000000032,3.000000000000113,224.3650941676759,4.81108057179739,13.579429543296701,0.03174762327622094,0.233154689338258,0.017869477487419436,0.012217751990817595,0.047583599245979005,0.11000000000000368,0.0763091947828238,0.1703234132387906,0.043767760166269085,0.08360032197890627,0.007178511416266265,0.0,0.0,0.04119350363691415,0.0,0.0,0.009499502407940638,0.13240109126280408,0.014901183046807343,0.0,0.0,0.0,0.0,0.20182948584602087,0.16962085032629975,0.21054960791211513,0.08728675567307662,0.08070074786445447,0.25001255237803316,0.595659627165988,0.3763805159653561,0.027959856868655902
200,0.025,200,0.7744096518470686,1.267506354628576,0.10048544119694268,7.850095699660809,0.007232340673608562,5.597355131682979,0.008080923146166263,30.01110566789153,3.0052001724169273,219.65377417905992,4.824805651717796,13.528455354994207,0.04720910157480496,0.23308948629009338,0.01766554717282725,0.012031091152316358,0.047491211363482236,0.11188618761295063,0.07625037122876699,0.17019141235483226,0.043549095882922405,0.08348587970530771,0.006819572892105935,0.0,0.0,0.04106770994517348,0.0,0.0,0.00939145751125748,0.13231190547547642,0.01476907141248759,0.0,0.0,0.0,0.0,0.2018274039152766,0.1696677458658218,0.2106621624498456,0.0872601686658843,0.08061622601534768,0.24996629308782412,0.5956774066054253,0.3764400439174117,0.027882549477163038
200,0.03,200,0.7744099344372313,1.2922599815514226,0.10048544119693852,7.849686427616021,0.007641612718396473,5.5972657520393305,0.008170302789814343,29.995546626375575,3.0014628766164577,218.0119885646346,4.825678012371768,13.534268501322485,0.05764335014630147,0.23309993983202318,0.01767949959143297,0.012062374394314226,0.04752202496277635,0.1118343189697367,0.07628729245360759,0.17019400863490058,0.043543049504974805,0.08349101170241979,0.006695804757491656,0.0,0.0,0.041081971032639615,0.0,0.0,0.009388416134622608,0.13236066206087177,0.014759625968188193,0.0,0.0,0.0,0.0,0.20183938569932497,0.16966843516169877,0.21068734724902488,0.08725574522964483,0.08059700658795699,0.24995208007234962,0.5956923656937533,0.37647725607194127,0.027830378234305574
200,0.04,200,0.7750323409914368,1.3371128255783102,0.10848870594245101,7.844265929640532,0.013062110693885742,5.595121726203347,0.010314328625797842,29.999766232548808,3.006325751247211,217.5301116029324,4.823809288448164,13.485236335323432,0.060625242027833454,0.23299137070110662,0.017692870432490508,0.012119562352284226,0.04748857754331759,0.11182675302901515,0.07629996098871734,0.17025737607994082,0.0435267186694075,0.08348027048495897,0.00647154053735725,0.0,0.0,0.04118769330764479,0.0,0.0,0.009366206217227538,0.1325116646250797,0.014779435031452074,0.0,0.0,0.0,0.0,0.2017888855377851,0.16961360724806585,0.21071370309418333,0.08722663354221022,0.08070274366103383,0.2499544269167217,0.5956986846706678,0.3764858465544344,0.027815468774897885
200,0.05,200,0.7737829365181516,1.373748179341613,0.10638535837102746,7.837237823571026,0.020090216763391844,5.597277360463752,0.008158694365392627,30.010575369368713,3.0029670388612635,227.6876245866843,4.7888056353595765,13.483316018460632,0.08185733907015783,0.23283889119610013,0.01798721368380388,0.012445995498140412,0.04733309937549922,0.11137083153894878,0.07626884546079078,0.17023943906729358,0.043787612440532704,0.0834303032981632,0.006551275994336266,0.0,0.0,0.04121984963897473,0.0,0.0,0.009239707355205965,0.13257838823218276,0.014708547220027585,0.0,0.0,0.0,0.0,0.20180593449595993,0.16963431642243165,0.2104282024796375,0.08727889424465514,0.08082023728414545,0.25003241507317037,0.5957665515784072,0.37652414013190655,0.0277093082896862
200,0.06,200,0.7749982793089762,2.903821694815575,0.10942534017389476,7.833871486118056,0.02345655421636117,5.597140281628114,0.008295773201030698,30.02457142528081,3.008519003281682,224.77495161429593,4.824944343843849,13.517367117581072,0.09923595713591249,0.23338504338596652,0.01863857606529245,0.013133720193792187,0.048240364362936494,0.11027173995591523,0.07689995962270169,0.17085359994522273,0.044402905381402055,0.0840154178456153,0.0,0.0,0.0,0.04186781796517975,0.0,0.0,0.009801299662695332,0.13320182876016212,0.015287726853118133,0.0,0.0,0.0,0.0,0.20180457843558555,0.16962020078988754,0.2104234356757989,0.0872726183472506,0.08085007301019483,0.2500290937412827,0.5958012937092125,0.3765762910914301,0.027622415199357542
200,0.075,200,0.776306173945674,1.5118045212741484,0.16172300838479642,7.829342932153024,0.02798510818139377,5.594606760929002,0.010829293900142645,29.999999999999993,3.0,218.07513168372014,4.8109050803719455,13.424690539391285,0.09383323877014543,0.23278267501899294,0.01776206721929951,0.012318324577906452,0.04782157696162814,0.1115454222366895,0.07686940088708956,0.1702612222337215,0.043475022326079305,0.0834619957009404,0.005686403586932839,0.0,0.0,0.04133013322572994,0.0,0.0,0.009225253923968234,0.1328151585459087,0.014645343555112923,0.0,0.0,0.0,0.0,0.20171379455203128,0.16942252672160796,0.21076311349808435,0.08725973694257874,0.08081335460041397,0.2500274736852838,0.5957683420451981,0.37658222916361556,0.027649428791186273
200,0.09,200,0.7746281763301951,2.2983168705710684,0.8754513352606029,7.808063779340948,0.04926426099346948,5.550165120926141,0.05527093390300397,29.599357605264576,3.0012260047157424,203.98589270803367,4.79187535727935,13.458822142657763,0.11865260507324671,0.23161799988740003,0.01726351080749924,0.012018211818849602,0.04687591031925242,0.11149318157449764,0.07608461423744434,0.16947381773377965,0.04301029257747509,0.08232597399274628,0.0055646834871220996,0.0,0.0,0.04457064464002847,0.0,0.0,0.007363879936345493,0.13388663539146267,0.018450643596097112,0.0,0.0,0.0,0.0,0.2030226797016568,0.17093364543549933,0.21111524868389353,0.0883968689098813,0.08001699832569356,0.2465145589433758,0.5961929598160383,0.3762812958399873,0.027525744343974562
200,0.1,200,0.7749203257451692,2.4273429984554684,0.9122401235811716,7.806889864060227,0.05043817627419056,5.5502088252867035,0.055227229542441414,29.599999999999998,3.0000000000000004,204.05939666348058,4.788510916280664,13.455450792240901,0.13352790981674412,0.23149917955460603,0.017249559704044466,0.012038492942972608,0.04690045921614323,0.11146106607850015,0.07611281651088761,0.16944208916461265,0.04295661248056079,0.08225601351589983,0.0053999206282718554,0.0,0.0,0.04499999999999993,0.0,0.0,0.007189817127492996,0.13407717662782254,0.01841679644818548,0.0,0.0,0.0,0.0,0.20312064997896284,0.17103502041965196,0.21111649623254858,0.08838022004137037,0.07993081687928098,0.24641679644818548,0.5962673363397558,0.3762686249993201,0.02746403866092434
200,0.125,200,0.7779816281456882,1.9984476901247308,0.4712079444299782,7.794868498605442,0.062459541728975054,5.556437352941276,0.04899870188786881,30.001920464854965,3.0003918287504656,204.72720152008523,4.796352493545175,13.463695685643295,0.1820405077018361,0.23198293535995274,0.01756601787537381,0.012428736452817831,0.047450170412505835,0.11191058817335536,0.07666474904951201,0.16988903156317767,0.043179715970153645,0.08279363396837017,0.00549290468510332,0.0,0.0,0.04283757380288688,0.0,0.0,0.007551428979232336,0.13455904939189195,0.01569346431566651,0.0,0.0,0.0,0.0,0.20246241060448655,0.17040419806239676,0.2107400628816467,0.08784055422824774,0.07960047836203349,0.24895229586118892,0.5963563453462846,0.37643526220718765,0.027208392446527896
200,0.15,200,0.7790050291624832,3.9525706033434465,0.44305444480182665,7.786737018603424,0.0705910217309933,5.599474125886692,0.005961928942452843,30.00081873856247,3.0005885405265205,223.4578852396214,4.891455432794598,13.404120601767074,0.3255708317958062,0.2344826381760603,0.019155158577357303,0.013978774497218101,0.048325226013882665,0.11121217210968053,0.07774828204751388,0.17125840401871648,0.0446177987333541,0.08453264254886886,0.0,0.0,0.0,0.042215831318721975,0.0033795735151731306,0.0,0.0,0.13412815944801004,0.014965338995442726,0.0,0.0,0.0,0.0,0.2007644380972381,0.16916061209890054,0.21066971620567848,0.08700288555388672,0.0815766908414604,0.2508256572028359,0.59655063801689,0.37695862115705203,0.026490740826058023
200,0.175,200,0.7780881619589418,2.498066232774856,0.7409019068524213,7.774535601909854,0.08279243842456374,5.560931590778217,0.04450446405092823,30.000000000000014,3.0000000000000018,202.5214879665495,4.801272863925782,13.460034465443872,0.25213974003206463,0.23144295480227034,0.01771312553900748,0.012744592323827863,0.0475101807000899,0.11176441255250587,0.07676298046116502,0.16973374108277206,0.043145373460197575,0.08251905837079693,0.004642436386144315,0.0,0.0,0.04358931358843596,0.0,0.0,0.00675270323015244,0.13558221531679182,0.016096912185842537,0.0,0.0,0.0,0.0,0.2028010417907806,0.17078989033395536,0.2105878411280192,0.08861692233613477,0.07896146222682682,0.24824284218428333,0.5966900593685125,0.3764520443466109,0.02685789628487678
200,0.2,200,0.7778646329452272,3.1554034226093366,1.3184315321563926,7.740072169222839,0.11725587111157854,5.585625522065432,0.019810532763712807,30.00000000000001,3.000000000000004,224.05726346533987,4.845667772884166,13.13785945124885,1.2563416448581228,0.23344740677766734,0.018185695732351514,0.01325170025032768,0.047760812366449856,0.11423035523894917,0.07500157625549018,0.1704178468520428,0.0435343539450606,0.08623360376547137,0.0,0.0,0.0,0.0416303087177593,0.0,0.0,0.007397844133326753,0.13499530778782887,0.013913188177274596,0.0,0.0,0.0,0.0,0.20125884421150708,0.1701153586558177,0.2124020880676024,0.08823436047771752,0.07500000000000023,0.2529893485873552,0.6011744965159362,0.37000000000000044,0.028825503484063326
200,0.25,200,0.7783626064723779,3.3205558045887416,1.2938318978799501,7.768368304932056,0.08895973540236124,5.548092654315157,0.057343400513987675,30.00000000000001,3.0000000000000013,206.03639153293508,4.780004292453469,13.379907960381104,0.3575131884679533,0.23081557327875044,0.017287859635542035,0.012613684765837085,0.04775215222524068,0.11158622729575039,0.07709259969866389,0.16955145049363834,0.04243672889914466,0.08218256296915366,0.003473771227670712,0.0,0.0,0.045000000000000005,0.0,0.0,0.00569232035516965,0.13661379358817682,0.017901275567261638,0.0,0.0,0.0,0.0,0.20373412306867034,0.17174883725697157,0.21136700739942144,0.08871037781896424,0.07853837888871079,0.2459012755672617,0.597178953644423,0.37649001731287984,0.026331029042697324
200,0.3,200,0.7795647491742799,4.553408183922272,0.31215323937827355,7.785092874497223,0.07223516583719469,5.6083867906872005,0.0029507358580556087,29.999999999999982,2.9999999999999987,230.82494064361788,4.8358429484019085,13.260456922595957,0.6726403967979702,0.23458244177714319,0.019663880108565207,0.014965109845323383,0.04895376455528998,0.11099999999999995,0.07830997098224035,0.1720205962424891,0.04449433751540373,0.08433105200898475,0.0,0.0,0.0,0.042463769241317936,0.0,0.0,0.0,0.13485061993282324,0.014364457790419267,0.0,0.0,0.0,0.0,0.20086695950943612,0.1695617537423895,0.21080074609412722,0.0871537285253175,0.08171564915502262,0.24990116297370715,0.5975721582134279,0.377672448785525,0.02475539300104722
200,0.4,200,0.7808418211584696,3.4473328809774917,0.786056354455723,7.7391936916432424,0.118134348691175,5.562055070302309,0.04338098452683603,30.00000000000002,3.000000000000002,208.0972005631346,4.809873639757055,13.175419783976494,0.7246809335551326,0.23196875345043283,0.01730565340111362,0.013113607601027935,0.050925846852423406,0.11189002152709496,0.07771172165700557,0.16936074478102975,0.04185898664602811,0.08196582184914732,0.002000000000000001,0.0,0.0,0.04379586804194305,0.0,0.0,0.006316698645951672,0.13688527021187422,0.014901005334927444,0.0,0.0,0.0,0.0,0.20244869373124844,0.1708173559431041,0.2117250972213734,0.08803032093118042,0.07929353731401002,0.24768499485908352,0.5974002107793723,0.37810459890336634,0.024495190317261387
200,0.5,200,0.7814832527627035,3.889411316121856,1.0174225032770638,7.728149441643074,0.12917859869134318,5.564858511191285,0.040577543637859925,30.0,3.0000000000000004,208.0476113573958,4.810939665442397,13.163789410147045,0.9150313294324488,0.23187331977047887,0.01721399752505459,0.013356840679764425,0.051606578821239174,0.1117188676333653,0.078,0.16914161813778777,0.041366073179158136,0.08138355952414798,0.0019999999999999996,0.0,0.0,0.044255721846271495,0.0,0.0,0.005498967074511257,0.1378275264626724,0.01475692934554864,0.0,0.0,0.0,0.0,0.2029137109216287,0.17114828431211881,0.21208515797653968,0.08803114536072598,0.07893890192893507,0.24688279950005187,0.597816390734262,0.3786401709278633,0.023543438337874797
200,0.75,200,0.7825217799474711,5.101673104856276,1.803356187202079,7.679560315382277,0.17776772495214033,5.567747820143104,0.037688234686040545,30.000000000000014,3.0000000000000018,211.6884077075664,4.772173704185345,13.108791894998387,1.261212663661615,0.23046951465776247,0.01762669456202938,0.014634034783433131,0.05200000000000003,0.11122926999252777,0.07800000000000003,0.1690150579317795,0.04081469515595778,0.08065478729749159,0.0020000000000000005,0.0,0.0,0.04500000000000001,0.0,0.0,0.002649722982421071,0.14090082444187055,0.015005398194726708,0.0,0.0,0.0,0.0,0.20438746074501596,0.1726750509146686,0.21207542450142036,0.08897003082953331,0.07742004294392683,0.24447199006543502,0.5992741634842367,0.3789133048490344,0.021812531666728974
200,1.0,200,0.7836530093625489,5.855955309000439,2.2328816251584738,7.657588137168869,0.19973990316554868,5.5703140553518224,0.03512199947732242,30.000000000000004,3.0000000000000013,212.93549545825775,4.775841180782289,13.068508514834456,1.7297802006418808,0.23065744520124518,0.017978059312715462,0.01583189338992287,0.052000000000000025,0.11047880996709303,0.07800000000000001,0.16850391041721477,0.0401601864963528,0.0792612849153137,0.002,0.0,0.0,0.045000000000000005,0.0,0.0,0.002000000000000001,0.14335536228225698,0.014773048017885397,0.0,0.0,0.0,0.0,0.2053128554897783,0.17327450922848808,0.21297013919899122,0.08869809026316267,0.0769329990843258,0.24281140673525414,0.5999022962379885,0.38062800978018396,0.019469693981827716
200,1.5,200,0.7860236860474262,8.051705168385888,2.581817750961983,7.620813610904237,0.23651442943018086,5.563375680074042,0.042060374755102714,30.00000000000001,3.0000000000000013,213.49187283175723,4.785462988617474,12.996563366888509,2.590037863633366,0.23207946625480863,0.017987798546174483,0.017565622043644615,0.052000000000000025,0.11054956712529627,0.08355846814368728,0.16863789353711664,0.03816370108747051,0.07660001880995496,0.002,0.0,0.0,0.04600000000000001,0.0,0.0,0.0030000000000000014,0.1464328032029789,0.0054246612488675966,0.0,0.0,0.0,0.0,0.2067514489592274,0.17253848331688162,0.21551207087485738,0.0861810347988827,0.07777387747564246,0.24124308457450833,0.6005354435966166,0.38429615073651313,0.015168405666870107
200,2.0,200,0.7875652495015708,9.283186536971451,3.269211607828358,7.60144032076676,0.25588771956765743,5.564584489544911,0.040851565284233615,30.00046192525923,3.000162585168379,216.36864257372022,4.785758173199885,12.936935710515971,3.4385186966763044,0.23194504009212902,0.01839141462059644,0.019656579506268364,0.05286658534503627,0.1101899280284149,0.0841355067228467,0.16837074093860582,0.03778355324020089,0.07431597817472704,0.0019992932596163745,0.0,0.0,0.04600043517509307,0.0,0.0,0.0029996203436184615,0.1486515774095723,0.0026937471432742837,0.0,0.0,0.0,0.0,0.20845750886966,0.17332484242467208,0.2164566211409662,0.08497320282720722,0.07796095817928583,0.23882686655820856,0.6022606686913183,0.38681332980702604,0.010926001501655378
