bond_id,Name,Sector,Maturity_Bucket,Par Value,Liquidity_Score,Weight_Renorm,Sampled_Weight
55,JPMORGAN CHASE & CO MTN,Banking,5-7yr,34253000,0.9108946080100762,0.0009921602415358091,0.020000000000000007
34,BANK OF AMERICA CORP,Banking,5-7yr,42946000,0.939257951158519,0.001099254711149189,0.020000000000000007
210,BAKER HUGHES HOLDINGS LLC,Energy,7-10yr,24165000,0.8671438240968148,0.0006837724978984095,0.020000000000000004
32,SALESFORCE INC,Technology,7-10yr,38633000,0.9259852335837176,0.0011271617366269936,0.020000000000000004
3,GOLDMAN SACHS GROUP INC/THE,Banking,10-15yr,46448000,0.9490886350299382,0.001488542604456903,0.020000000000000004
4,META PLATFORMS INC,Communications,7-10yr,52873000,0.9653363612273722,0.0014821955192399294,0.020000000000000004
5,AMAZON.COM INC,Consumer Cyclical,7-10yr,51138000,0.9611521448174296,0.001460534831594702,0.020000000000000004
87,MICROSOFT CORPORATION,Technology,20yr+,53079000,0.9658240157468344,0.000884461287616051,0.020000000000000004
11,BOEING CO,Capital Goods,20yr+,46462000,0.9491264287136182,0.001316264577139048,0.020000000000000004
264,PACIFIC GAS AND ELECTRIC COMPANY,Electric,20yr+,25498000,0.8738775459001868,0.0006094209282138617,0.020000000000000004
17,AT&T INC,Communications,20yr+,67814000,0.9965472695928845,0.001245539913292771,0.020000000000000004
35,MORGAN STANLEY MTN,Banking,10-15yr,37795000,0.9232350443762004,0.0010923031416258371,0.020000000000000004
352,BERKSHIRE HATHAWAY FINANCE CORP,Insurance,20yr+,24562000,0.869187368542784,0.0005344648742229354,0.020000000000000004
22,NVIDIA CORPORATION,Technology,7-10yr,41186000,0.9340102576220224,0.0011738077756025297,0.02
326,FORD MOTOR COMPANY,Consumer Cyclical,5-7yr,21389000,0.8518405258058249,0.0005554203301773879,0.02
47,ALPHABET INC,Technology,7-10yr,35445000,0.9151845550618904,0.0010175485824037037,0.02
49,CITIGROUP INC,Banking,3-5yr,34782000,0.9128165863471577,0.0010093880442675948,0.02
2,T-MOBILE USA INC,Communications,3-5yr,54674000,0.9695369450876746,0.0015566478363088737,0.02
37,AMGEN INC,Consumer Non-Cyclical,5-7yr,35637000,0.915862034768894,0.001069735727521042,0.02
79,DEUTSCHE TELEKOM INTERNATIONAL FIN,Communications,3-5yr,27672000,0.884138523004425,0.0009098496284839452,0.019999999999999997
25,ABBVIE INC,Consumer Non-Cyclical,3-5yr,41125000,0.9338243806104571,0.0011526508248792845,0.019999999999999997
1,CVS HEALTH CORP,Consumer Non-Cyclical,20yr+,62588000,0.9864901997630411,0.0015916071786944268,0.019999999999999997
48,VERIZON COMMUNICATIONS INC,Communications,5-7yr,39648000,0.9292375115879561,0.0010121082236462975,0.019999999999999993
19,WELLS FARGO & COMPANY MTN,Banking,7-10yr,41234000,0.9341563280565677,0.0012141067293610923,0.019999999999999993
0,ANHEUSER-BUSCH COMPANIES LLC,Consumer Non-Cyclical,15-20yr,69707000,1.0,0.0018495204827492268,0.019999999999999993
44,GOLDMAN SACHS GROUP INC/THE MTN,Banking,5-7yr,35368000,0.9149118259190161,0.001033567416522732,0.01999999999999999
440,CHENIERE ENERGY PARTNERS LP,Energy,7-10yr,15533000,0.8117214023739835,0.00047401644358509163,0.019605330733368936
8,PFIZER INVESTMENT ENTERPRISES PTE,Consumer Non-Cyclical,20yr+,52677000,0.9648706121772298,0.001409455907705724,0.019047636810837813
26,ANHEUSER-BUSCH INBEV WORLDWIDE INC,Consumer Non-Cyclical,20yr+,39922000,0.9301011989530114,0.0011429790759772294,0.01681047180736561
39,JPMORGAN CHASE & CO,Banking,5-7yr,39686000,0.9293576489033578,0.0010548251146303739,0.016
658,UNION PACIFIC CORPORATION,Transportation,20yr+,19496000,0.8402193282400636,0.00038767593515737144,0.01533796701222256
16,BANK OF AMERICA CORP MTN,Banking,7-10yr,41367000,0.9345601783066544,0.0012515847563565553,0.01486177851308643
171,HOME DEPOT INC,Consumer Cyclical,10-15yr,23705000,0.8647335778389454,0.0007274968627264499,0.013585894537570165
208,UNITEDHEALTH GROUP INC,Insurance,20yr+,24803000,0.8704118578486366,0.0006844777295891844,0.013518220168509829
544,FREEPORT-MCMORAN INC,Basic Industry,15-20yr,15098000,0.8081592628604481,0.0004235420040024921,0.01324457105698132
277,EXXON MOBIL CORP,Energy,15-20yr,24972000,0.8712634482344078,0.0005974319894706893,0.012895359123304313
939,NOMURA HOLDINGS INC,Brokerage/Asset Managers/Exchanges,3-5yr,12177000,0.7811949665106961,0.0003337760845052941,0.012364070399227845
898,DUKE ENERGY CORP,Electric,3-5yr,12984000,0.7892422308760881,0.0003407276540286461,0.012134419262406215
23,ORACLE CORPORATION,Technology,7-10yr,41827000,0.9359470104426952,0.0011596023944026364,0.011
175,RAYTHEON TECHNOLOGIES CORPORATION,Capital Goods,15-20yr,28314000,0.8870147838563593,0.0007251796728853326,0.010995238434926106
14,ANHEUSER-BUSCH COMPANIES LLC,Consumer Non-Cyclical,7-10yr,45138000,0.9455008578023817,0.0012904732467335684,0.010000000000000009
42,GOLDMAN SACHS GROUP INC/THE MTN,Banking,10-15yr,35793000,0.9164098048197686,0.0010473698081850398,0.010000000000000002
72,BOEING CO,Capital Goods,3-5yr,31198000,0.8991790153039546,0.0009279841576752984,0.009999999999999998
655,EXTRA SPACE STORAGE LP,Reits,3-5yr,13027000,0.7896568653875444,0.00038807892469495703,0.009891140752983191
75,MICROSOFT CORPORATION,Technology,20yr+,51428000,0.9618613132271924,0.0009236520201462529,0.009000000000000001
565,SANTANDER UK GROUP HOLDINGS PLC,Banking,3-5yr,13725000,0.7962024944737781,0.0004144747394068155,0.008034602197918342
57,AMGEN INC,Consumer Non-Cyclical,20yr+,35077000,0.9138757324627638,0.0009853094193968536,0.008000000000000004
249,PACIFIC GAS AND ELECTRIC COMPANY,Electric,3-5yr,21845000,0.854486034386427,0.0006265479835612508,0.007999999999999991
10,PFIZER INVESTMENT ENTERPRISES PTE,Consumer Non-Cyclical,5-7yr,46047000,0.9480012521732045,0.0013293617371105812,0.007952363189162183
436,WILLIAMS COMPANIES INC,Energy,3-5yr,17988000,0.8301234635188959,0.00047724035988577665,0.0076671889715101684
439,EXXON MOBIL CORP,Energy,20yr+,23239000,0.8622437246788179,0.0004745201805070737,0.007160653618513025
28,AMAZON.COM INC,Consumer Cyclical,3-5yr,39366000,0.9283423518320053,0.0011381432015262019,0.006999999999999998
33,CVS HEALTH CORP,Consumer Non-Cyclical,10-15yr,41148000,0.9338944977448396,0.0011221243674071734,0.005999999999999992
190,BP CAPITAL MARKETS AMERICA INC,Energy,5-7yr,24118000,0.8668996737230346,0.0007087578492287182,0.0057108073762474855
27,AT&T INC,Communications,20yr+,61689000,0.9846758118202784,0.0011424753390552474,0.004999999999999998
18,WELLS FARGO & COMPANY MTN,Banking,20yr+,47384000,0.9515906674112401,0.0012223680148815976,0.004000000000000009
338,BHP BILLITON FINANCE (USA) LTD,Basic Industry,15-20yr,19976000,0.8432695201097951,0.0005456478338909365,0.003913633341025191
31,NVIDIA CORPORATION,Technology,3-5yr,38988000,0.9271323455034662,0.0011302849055432821,0.0037610135159977932
90,BANK OF AMERICA CORP MTN,Banking,10-15yr,42114000,0.9368045676381603,0.0008760992547111491,0.00296908724787871
432,GOLDMAN SACHS GROUP INC/THE,Banking,15-20yr,18383000,0.8328474978331432,0.00047855007588292993,0.0026296256243208875
24,BANK OF AMERICA CORP MTN,Banking,20yr+,50840000,0.9604192111780344,0.00115950164701824,0.002169134239034862
424,T-MOBILE USA INC,Communications,10-15yr,22564000,0.8585471887096271,0.00048106876049284006,0.0017397920656010016
416,GILEAD SCIENCES INC,Consumer Non-Cyclical,15-20yr,18781000,0.8355336515967027,0.00048540089802188557,0.0010000000000000007
438,ELI LILLY AND COMPANY,Consumer Non-Cyclical,20yr+,16642000,0.8203698609289123,0.00047472167527586647,0.0010000000000000007
615,BP CAPITAL MARKETS AMERICA INC,Energy,20yr+,21297000,0.8512999498999881,0.00039966487390054377,0.0010000000000000007
815,FORD MOTOR CREDIT COMPANY LLC,Consumer Cyclical,3-5yr,12116000,0.7805651656604958,0.000355336024766125,0.0010000000000000005
598,CVS HEALTH CORP,Consumer Non-Cyclical,20yr+,13660000,0.7956071681697737,0.00040329177973881443,0.0010000000000000005
602,PFIZER INC,Consumer Non-Cyclical,7-10yr,14045000,0.7990928213894628,0.00040248580066364314,0.0010000000000000005
622,FORD MOTOR CREDIT COMPANY LLC,Consumer Cyclical,7-10yr,13316000,0.7924085818367806,0.00039613871544666955,0.0010000000000000005
733,FORD MOTOR CREDIT COMPANY LLC,Consumer Cyclical,3-5yr,12450000,0.7839754644153393,0.00037206009057592844,0.0010000000000000005
301,ORACLE CORPORATION,Technology,20yr+,34566000,0.9120353636364623,0.0005836295978083817,0.0010000000000000005
61,ORACLE CORPORATION,Technology,7-10yr,35886000,0.9167352253133044,0.0009572008991502562,0.0010000000000000005
118,JPMORGAN CHASE & CO,Banking,5-7yr,31115000,0.8988449331064049,0.0008052738434804756,0.0010000000000000005
427,FORD MOTOR COMPANY,Consumer Cyclical,5-7yr,15809000,0.8139301558561997,0.0004793560549581011,0.0010000000000000002
381,ORACLE CORPORATION,Technology,20yr+,28768000,0.8890096762497067,0.0005136101656528793,0.0010000000000000002
580,STARBUCKS CORPORATION,Consumer Cyclical,3-5yr,15242000,0.8093496927472473,0.0004077246646522563,0.0010000000000000002
576,MARRIOTT INTERNATIONAL INC,Consumer Cyclical,10-15yr,13949000,0.7982326962877688,0.000409135128033806,0.0010000000000000002
131,ORACLE CORPORATION,Technology,5-7yr,27768000,0.8845728352658626,0.0007826056819912841,0.0010000000000000002
566,TOTALENERGIES CAPITAL SA,Energy,20yr+,14828000,0.8058962838701033,0.0004125605391032838,0.0010000000000000002
84,WELLS FARGO & COMPANY MTN,Banking,3-5yr,30117000,0.894756619501812,0.0008958457420528448,0.0010000000000000002
555,AON NORTH AMERICA INC,Insurance,7-10yr,13921000,0.7979807111922868,0.00041790015047629334,0.0010000000000000002
21,BANK OF AMERICA CORP MTN,Banking,7-10yr,39821000,0.929783524214717,0.0011817668189698458,0.0010000000000000002
552,HONEYWELL INTERNATIONAL INC,Capital Goods,5-7yr,16564000,0.8197807019743583,0.00042011659293301427,0.0010000000000000002
421,SYNOPSYS INC,Technology,20yr+,17424000,0.82612844295686,0.000483285202949561,0.0010000000000000002
94,NVIDIA CORPORATION,Technology,5-7yr,29938000,0.894009037579825,0.0008626998525864271,0.0010000000000000002
595,JBS NV/USA FOODS/FOOD CO,Consumer Non-Cyclical,20yr+,14071000,0.799324760283563,0.00040349327450760723,0.0010000000000000002
428,UNITEDHEALTH GROUP INC,Insurance,20yr+,18579000,0.8341775183006872,0.0004792553075737048,0.0010000000000000002
470,MARSH & MCLENNAN COMPANIES INC,Insurance,7-10yr,15659000,0.8127345747262398,0.000454269956243396,0.0010000000000000002
461,APPLE INC,Technology,20yr+,26234000,0.8774461756788917,0.00045819910423485584,0.0010000000000000002
105,BANK OF AMERICA CORP MTN,Banking,5-7yr,29487000,0.8921054654619116,0.0008456735446234345,0.0010000000000000002
174,BANK OF AMERICA CORP MTN,Banking,5-7yr,27934000,0.8853203026204921,0.0007255826624229182,0.0010000000000000002
442,BAKER HUGHES HOLDINGS LLC,Energy,20yr+,16741000,0.8211136756172918,0.00047260598020354194,0.0010000000000000002
458,ALPHABET INC,Technology,3-5yr,17972000,0.8300118661454386,0.00046011330453838757,0.0010000000000000002
286,JPMORGAN CHASE & CO,Banking,3-5yr,19877000,0.8426464617697638,0.0005907826621005265,0.0010000000000000002
309,JPMORGAN CHASE & CO,Banking,3-5yr,19769000,0.8419632126228951,0.0005786929759729577,0.0010000000000000002
143,WELLS FARGO & COMPANY MTN,Banking,3-5yr,25280000,0.8728007405230662,0.0007641689106467418,0.0010000000000000002
78,JPMORGAN CHASE & CO,Banking,10-15yr,28640000,0.8884504443747311,0.0009124690604782518,0.0010000000000000002
852,EXPEDIA GROUP INC,Consumer Cyclical,3-5yr,12451000,0.783985536905618,0.00034868669739596223,0.0010000000000000002
844,L3HARRIS TECHNOLOGIES INC,Capital Goods,3-5yr,11770000,0.7769317365246605,0.0003500971607775119,0.0010000000000000002
56,PFIZER INVESTMENT ENTERPRISES PTE,Consumer Non-Cyclical,20yr+,37729000,0.9230158584285089,0.0009855109141656464,0.0010000000000000002
739,UBER TECHNOLOGIES INC,Consumer Cyclical,3-5yr,12895000,0.788379653877291,0.0003706496271943788,0.0010000000000000002
206,JPMORGAN CHASE & CO,Banking,3-5yr,24972000,0.8712634482344078,0.0006875001511210766,0.0010000000000000002
694,CVS HEALTH CORP,Consumer Non-Cyclical,3-5yr,14739000,0.8051412999499739,0.00037850792317729843,0.0010000000000000002
29,ORACLE CORPORATION,Technology,20yr+,43322000,0.9403511382889214,0.0011349192852255169,0.0010000000000000002
147,ORACLE CORPORATION,Technology,5-7yr,27732000,0.8844101443801516,0.0007599375205020926,0.0010000000000000002
62,NVIDIA CORPORATION,Technology,20yr+,34617000,0.9122202583564386,0.000956898656997067,0.0010000000000000002
451,BP CAPITAL MARKETS AMERICA INC,Energy,7-10yr,15770000,0.8136203995908139,0.00046666188452415395,0.0010000000000000002
237,AMGEN INC,Consumer Non-Cyclical,15-20yr,22210000,0.8565641094990762,0.0006409548595299368,0.0010000000000000002
238,JPMORGAN CHASE & CO,Banking,3-5yr,23633000,0.8643520936252753,0.0006378316906136484,0.0010000000000000002
606,UNITEDHEALTH GROUP INC,Insurance,20yr+,14874000,0.8062847258241094,0.00040167982158847195,0.0010000000000000002
252,AT&T INC,Communications,3-5yr,23612000,0.8642406084515413,0.0006253390149484939,0.0010000000000000002
623,PHILIP MORRIS INTERNATIONAL INC,Consumer Non-Cyclical,3-5yr,13113000,0.7904820442219127,0.0003958364732934803,0.001
469,SHELL FINANCE US INC,Energy,10-15yr,14381000,0.8020576350149751,0.0004543707036277924,0.001
40,JPMORGAN CHASE & CO,Banking,7-10yr,35524000,0.9154637530149048,0.0010513997035608961,0.001
583,EATON CORPORATION,Capital Goods,3-5yr,14107000,0.7996451999103392,0.00040732167511467064,0.001
847,PACIFIC GAS AND ELECTRIC COMPANY,Electric,20yr+,11680000,0.7759691152853506,0.0003494926764711334,0.001
460,MORGAN STANLEY,Banking,15-20yr,14489000,0.8029959154109928,0.0004588035885412342,0.001
38,BANK OF AMERICA CORP MTN,Banking,5-7yr,40405000,0.9316093486885515,0.0010693327379834563,0.001
464,FORD MOTOR COMPANY,Consumer Cyclical,15-20yr,20335000,0.8455032775070642,0.000457493872544081,0.001
465,ONEOK INC,Energy,20yr+,14949000,0.806915486333739,0.0004563856513157205,0.001
467,BERKSHIRE HATHAWAY ENERGY CO,Electric,7-10yr,14601000,0.803961588418806,0.0004557811670093421,0.001
454,WELLS FARGO & COMPANY MTN,Banking,15-20yr,20539000,0.8467550928720786,0.0004645461894518294,0.001
569,COCA-COLA CO,Consumer Non-Cyclical,20yr+,15012000,0.8074428843961242,0.0004110493283373377,0.001
551,CIGNA GROUP,Consumer Non-Cyclical,7-10yr,14619000,0.804116094647977,0.0004211240667769783,0.001
504,APPLE INC,Technology,3-5yr,16716000,0.8209262595855379,0.00044187802796263805,0.001
604,GENERAL MOTORS FINANCIAL COMPANY I,Consumer Cyclical,3-5yr,13467000,0.7938226683248378,0.0004019820637416611,0.001
522,ORACLE CORPORATION,Technology,10-15yr,17847000,0.8291365761510067,0.0004331130055201507,0.001
530,ORACLE CORPORATION,Technology,7-10yr,16417000,0.8186627837500395,0.00042988908921946567,0.001
546,BROADCOM INC,Technology,3-5yr,14611000,0.8040474487125524,0.000422534530158528,0.001
548,WALMART INC,Consumer Cyclical,5-7yr,14579000,0.8037724885965993,0.00042203079323654594,0.001
639,MICROSOFT CORPORATION,Technology,20yr+,17452000,0.8263298084734657,0.0003914035883800385,0.001
543,COSTCO WHOLESALE CORPORATION,Consumer Cyclical,3-5yr,16072000,0.8159992836294029,0.0004242472356932669,0.001
165,CVS HEALTH CORP,Consumer Non-Cyclical,15-20yr,28548000,0.8880469505072548,0.0007321312424086845,0.001
347,KINDER MORGAN INC,Energy,15-20yr,19593000,0.8408417312876632,0.0005399052329803413,0.001
52,BANK OF AMERICA CORP MTN,Banking,10-15yr,34476000,0.9117084123602464,0.0009982050845995937,0.001
299,ORACLE CORPORATION,Technology,20yr+,22306000,0.8571050000785221,0.0005837303451927781,0.001
447,RTX CORP,Capital Goods,20yr+,14817000,0.8058032170456854,0.0004673671162149288,0.001
132,ORACLE CORPORATION,Technology,3-5yr,29306000,0.8913333042699921,0.0007822026924536985,0.001
196,ORACLE CORPORATION,Technology,20yr+,29917000,0.8939210396364234,0.0007025115113961411,0.001
346,ORACLE CORPORATION,Technology,10-15yr,26558000,0.8789855207756169,0.0005399052329803413,0.001
199,WELLS FARGO & COMPANY MTN,Banking,3-5yr,25353000,0.8731623527828138,0.0006998920794018346,0.001
257,ORACLE CORPORATION,Technology,20yr+,23717000,0.8647970458712465,0.0006180852032719526,0.001
364,ORACLE CORPORATION,Technology,15-20yr,21666000,0.8534541998468638,0.0005272110625463941,0.001
386,ORACLE CORPORATION,Technology,5-7yr,17282000,0.8251022244313828,0.0005097817650458158,0.001
408,AMGEN INC,Consumer Non-Cyclical,3-5yr,16378000,0.8183645128934253,0.0004945689100019586,0.001
126,JPMORGAN CHASE & CO,Banking,5-7yr,30061000,0.8945232177843929,0.0007915721992025643,0.001
419,EXXON MOBIL CORP,Energy,10-15yr,18477000,0.8334871253062262,0.0004838896872559395,0.001
294,AMAZON.COM INC,Consumer Cyclical,3-5yr,22640000,0.8589688762607945,0.0005864505245714811,0.001
164,ORACLE CORPORATION,Technology,3-5yr,28362000,0.8872272040471384,0.0007322319897930809,0.001
115,BANK OF AMERICA CORP MTN,Banking,3-5yr,29793000,0.8934001701896553,0.0008102104653158995,0.001
198,ORACLE CORPORATION,Technology,3-5yr,24936000,0.871082528452877,0.0007000935741706273,0.001
100,NVIDIA CORPORATION,Technology,15-20yr,30710000,0.8972018831982965,0.0008566550095226427,0.001
112,WELLS FARGO & COMPANY MTN,Banking,10-15yr,37290000,0.9215481092299712,0.0008189754877583868,0.001
429,RIO TINTO FINANCE (USA) PLC,Basic Industry,20yr+,16372000,0.8183185620385061,0.00047895306542051553,0.001
435,UNITEDHEALTH GROUP INC,Insurance,5-7yr,15740000,0.8133816038217764,0.000477341107270173,0.001
73,JPMORGAN CHASE & CO,Banking,7-10yr,31337000,0.8997365167603679,0.0009267751890625416,0.0009999999999999998
226,WELLS FARGO & COMPANY MTN,Banking,3-5yr,24030000,0.8664412590091792,0.000655361735498623,0.0009999999999999998
281,AT&T INC,Communications,10-15yr,20930000,0.8491200306010713,0.0005963237682423289,0.0009999999999999998
83,BANK OF AMERICA CORP MTN,Banking,7-10yr,29324000,0.891410307026041,0.0009037040380357645,0.0009999999999999998
77,ORACLE CORPORATION,Technology,3-5yr,31830000,0.9016940950111078,0.0009124690604782518,0.0009999999999999998
754,PACIFIC GAS AND ELECTRIC COMPANY,Electric,3-5yr,13923000,0.7979987269285835,0.00036843318473765783,0.0009999999999999998
157,JPMORGAN CHASE & CO,Banking,10-15yr,26596000,0.8791648294762776,0.0007442209285362534,0.0009999999999999998
605,BROADCOM INC,Technology,5-7yr,13542000,0.7945191465125764,0.0004019820637416611,0.0009999999999999998
240,PFIZER INVESTMENT ENTERPRISES PTE,Consumer Non-Cyclical,3-5yr,21714000,0.8537317270199274,0.0006371264589228735,0.0009999999999999998
627,UNITEDHEALTH GROUP INC,Insurance,20yr+,14390000,0.8021360937336949,0.00039533273637149826,0.0009999999999999998
609,NOVARTIS CAPITAL CORP,Consumer Non-Cyclical,3-5yr,14954000,0.8069574244474119,0.00040127683205088625,0.0009999999999999998
589,OCCIDENTAL PETROLEUM CORPORATION,Energy,10-15yr,12833000,0.7877752320380351,0.00040490373788915686,0.0009999999999999998
235,AT&T INC,Communications,3-5yr,22031000,0.8555493009648804,0.0006437757862930362,0.0009999999999999998
612,FIFTH THIRD BANCORP,Banking,5-7yr,13091000,0.7902714682387438,0.0004003701055913186,0.0009999999999999998
575,BRISTOL-MYERS SQUIBB CO,Consumer Non-Cyclical,5-7yr,15329000,0.8100634728294648,0.0004102433492621664,0.0009999999999999998
287,JPMORGAN CHASE & CO,Banking,15-20yr,20809000,0.8483929238248472,0.0005900774304097516,0.0009999999999999998
160,JPMORGAN CHASE & CO,Banking,20yr+,32718000,0.9051448269291857,0.00073646337993773,0.0009999999999999998
441,SHELL FINANCE US INC,Energy,15-20yr,19407000,0.839645527219835,0.0004734119592787132,0.0009999999999999998
107,AMAZON.COM INC,Consumer Cyclical,3-5yr,28926000,0.8896965567183348,0.000841845144016371,0.0009999999999999998
462,PHILIP MORRIS INTERNATIONAL INC,Consumer Non-Cyclical,7-10yr,15253000,0.8094401654805777,0.0004578968620816666,0.0009999999999999998
859,CVS HEALTH CORP,Consumer Non-Cyclical,3-5yr,11560000,0.7746740173022446,0.0003472762340144125,0.0009999999999999998
477,CHENIERE ENERGY PARTNERS LP,Energy,5-7yr,14897000,0.8064784965403932,0.000451549776864693,0.0009999999999999998
483,WALT DISNEY CO,Communications,10-15yr,13829000,0.7971491770687132,0.0004492325870235757,0.0009999999999999998
539,DUKE ENERGY CAROLINAS LLC,Electric,5-7yr,14626000,0.8041761290331915,0.00042606068861240226,0.0009999999999999998
540,PHILIP MORRIS INTERNATIONAL INC,Consumer Non-Cyclical,5-7yr,13899000,0.7977823670903196,0.00042505321476843817,0.0009999999999999998
410,AMAZON.COM INC,Consumer Cyclical,3-5yr,17187000,0.8244109513175697,0.0004925539623140304,0.0009999999999999998
392,ORACLE CORPORATION,Technology,15-20yr,19009000,0.8370469231553268,0.0005050466379791848,0.0009999999999999998
371,AT&T INC,Communications,20yr+,18511000,0.8337176788677023,0.0005218714511733846,0.0009999999999999998
188,JPMORGAN CHASE & CO,Banking,10-15yr,25137000,0.8720893405456185,0.0007101683126102679,0.0009999999999999998
562,CIGNA GROUP,Consumer Non-Cyclical,20yr+,14884000,0.8063690107524432,0.0004149784763287975,0.0009999999999999998
30,BANK OF AMERICA CORP MTN,Banking,7-10yr,39178000,0.9277420090286734,0.0011345162956879313,0.0009999999999999998
768,VULCAN MATERIALS COMPANY,Capital Goods,3-5yr,13022000,0.7896087224485879,0.0003638995524398195,0.0009999999999999996
180,JPMORGAN CHASE & CO,Banking,3-5yr,24671000,0.8697426645519757,0.0007206460405874942,0.0009999999999999996
456,KRAFT HEINZ FOODS CO,Consumer Non-Cyclical,15-20yr,18316000,0.832389593556461,0.00046283348391709054,0.0009999999999999996
710,LOWES COMPANIES INC,Consumer Cyclical,3-5yr,14587000,0.8038412851642699,0.00037649297548937035,0.0009999999999999996
211,PFIZER INVESTMENT ENTERPRISES PTE,Consumer Non-Cyclical,15-20yr,25109000,0.8719495717485954,0.0006815560554416886,0.0009999999999999996
128,BANK OF AMERICA CORP MTN,Banking,5-7yr,29703000,0.8930207602386568,0.0007876430512111045,0.0009999999999999996
564,HONEYWELL AEROSPACE INC 144A,Capital Goods,3-5yr,14330000,0.8016121060348318,0.0004145754867912119,0.0009999999999999996
554,RAYTHEON TECHNOLOGIES CORPORATION,Capital Goods,20yr+,16942000,0.8226104077837341,0.00041820239262948253,0.0009999999999999996
550,UNITEDHEALTH GROUP INC,Insurance,3-5yr,16146000,0.8165753699345875,0.00042162780369896035,0.0009999999999999996
476,BERKSHIRE HATHAWAY FINANCE CORP,Insurance,20yr+,19131000,0.8378492184925197,0.0004519527664022786,0.0009999999999999996
430,ABBVIE INC,Consumer Non-Cyclical,15-20yr,19614000,0.8409760725325908,0.00047885231803611913,0.0009999999999999996
459,GOLDMAN SACHS GROUP INC/THE,Banking,15-20yr,21260000,0.8510818856494725,0.0004591058306944235,0.0009999999999999996
229,BANK OF AMERICA CORP MTN,Banking,3-5yr,24070000,0.8666498370866119,0.0006502236188944062,0.0009999999999999994
616,AT&T INC,Communications,15-20yr,14241000,0.8008308028130673,0.0003991611369785618,0.0009999999999999994
