N,lambda,liquidity_score,ytm_%,ytm_diff_pp,duration,duration_diff,sector_L1_pp,rating_L1_pp,maturity_L1_pp,top10_issuer_%,max_issuer_%,issuer_hhi
50,0.0,0.6695,5.5634,0.0421,7.867,0.01,14.591,0.186,5.54,30.0,3.0,267.1
50,0.0025,0.7397,5.6711,0.0657,8.224,0.367,15.86,0.376,11.279,30.0,3.0,295.4
50,0.005,0.7379,5.6069,0.0014,7.853,0.004,12.487,0.005,0.162,30.0,3.0,264.5
50,0.0075,0.7436,5.6056,0.0001,7.692,0.165,14.591,0.957,8.004,30.0,3.0,286.1
50,0.01,0.7394,5.6095,0.004,7.792,0.065,12.487,0.022,2.075,30.0,3.0,263.1
50,0.015,0.7341,5.6279,0.0225,7.828,0.029,12.487,0.799,1.025,30.0,3.0,268.4
50,0.02,0.7392,5.622,0.0165,7.816,0.042,12.487,0.02,0.15,30.0,3.0,265.7
50,0.025,0.7403,5.6764,0.071,8.06,0.203,15.124,0.378,11.556,30.0,3.0,295.7
50,0.03,0.7391,5.6231,0.0177,7.807,0.051,10.162,0.068,0.338,30.0,3.0,260.2
50,0.04,0.741,5.6305,0.0251,7.796,0.062,10.162,0.053,0.884,30.0,3.0,266.6
50,0.05,0.7448,5.6338,0.0284,7.823,0.034,16.43,0.083,7.63,30.0,3.0,295.5
50,0.06,0.7406,5.6271,0.0217,7.746,0.111,12.487,0.124,2.075,30.0,3.0,265.1
50,0.075,0.7431,5.6864,0.081,7.951,0.094,16.43,0.376,12.83,30.0,3.0,295.4
50,0.09,0.7416,5.6988,0.0934,8.02,0.162,16.43,0.376,11.556,30.0,3.0,295.4
50,0.1,0.7404,5.63,0.0246,7.762,0.096,12.487,0.593,1.101,30.0,3.0,273.9
50,0.125,0.7379,5.6557,0.0503,7.697,0.161,12.487,0.964,2.208,30.0,3.0,264.0
50,0.15,0.7413,5.6654,0.0599,8.008,0.151,16.814,3.256,11.786,30.0,3.0,295.8
50,0.175,0.7429,5.6559,0.0504,7.718,0.14,13.037,0.218,0.485,30.0,3.0,263.6
50,0.2,0.7412,5.6533,0.0478,7.734,0.124,10.162,0.475,0.899,30.0,3.0,261.2
50,0.25,0.742,5.6539,0.0485,7.749,0.108,12.487,0.1,0.632,30.0,3.0,266.8
50,0.3,0.7422,5.6386,0.0332,7.738,0.12,10.162,0.083,2.267,30.0,3.0,264.5
50,0.4,0.7435,5.6478,0.0424,7.67,0.188,10.162,0.778,2.42,30.0,3.0,265.4
50,0.5,0.7451,5.6794,0.074,7.686,0.171,15.14,0.376,2.502,30.0,3.0,284.8
50,0.75,0.743,5.7224,0.1169,7.986,0.129,14.591,3.256,12.319,30.0,3.0,294.9
50,1.0,0.7451,5.6609,0.0555,7.611,0.246,15.362,0.703,2.003,30.0,3.0,269.0
50,1.5,0.7476,5.6551,0.0497,7.512,0.346,13.949,1.673,4.037,30.0,3.0,267.0
50,2.0,0.748,5.6563,0.0509,7.509,0.348,14.34,1.04,4.973,30.0,3.0,268.7
100,0.0,0.6845,5.6054,0.0,7.857,0.0,1.226,0.0,0.1,26.36,2.92,180.2
100,0.0025,0.7639,5.6064,0.0009,7.855,0.002,9.355,0.001,0.1,30.0,3.0,266.7
100,0.005,0.764,5.6069,0.0015,7.853,0.004,9.355,0.003,0.1,30.0,3.0,266.2
100,0.0075,0.7601,5.6002,0.0053,7.839,0.018,2.126,0.009,0.971,30.0,3.0,234.7
100,0.01,0.7614,5.6025,0.003,7.861,0.003,6.719,0.018,0.1,30.0,3.0,264.1
100,0.015,0.761,5.5981,0.0074,7.817,0.04,2.809,0.015,2.391,30.0,3.0,239.6
100,0.02,0.7611,5.598,0.0074,7.817,0.041,2.802,0.021,2.389,30.0,3.0,239.5
100,0.025,0.7612,5.5969,0.0085,7.814,0.043,2.802,0.027,2.385,30.01,3.0,238.5
100,0.03,0.7618,5.5947,0.0108,7.807,0.051,2.816,0.033,2.372,30.01,3.0,239.4
100,0.04,0.7622,5.5902,0.0153,7.801,0.056,2.823,0.042,2.364,30.01,3.0,239.0
100,0.05,0.7624,5.5895,0.0159,7.8,0.057,2.829,0.049,2.371,30.0,3.0,239.3
100,0.06,0.7626,5.5873,0.0181,7.798,0.059,2.824,0.057,2.364,30.01,3.0,239.4
100,0.075,0.7627,5.5869,0.0186,7.797,0.061,2.858,0.07,2.374,30.0,3.0,239.5
100,0.09,0.7628,5.5868,0.0186,7.795,0.062,2.885,0.084,2.378,30.0,3.0,239.5
100,0.1,0.7629,5.5868,0.0186,7.795,0.063,2.91,0.093,2.381,30.0,3.0,239.5
100,0.125,0.7631,5.5867,0.0187,7.793,0.065,2.984,0.118,2.389,30.0,3.0,239.7
100,0.15,0.7633,5.5841,0.0213,7.789,0.068,3.099,0.145,2.392,30.0,3.0,240.9
100,0.175,0.7622,5.5928,0.0126,7.806,0.051,2.649,0.149,0.528,30.0,3.0,253.5
100,0.2,0.7637,5.5835,0.0219,7.785,0.073,3.3,0.204,2.408,30.0,3.0,240.7
100,0.25,0.764,5.5822,0.0233,7.78,0.078,3.606,0.25,2.421,30.0,3.0,240.6
100,0.3,0.7669,5.5914,0.014,7.814,0.043,2.833,0.261,0.716,30.01,3.0,258.3
100,0.4,0.7635,5.5912,0.0143,7.803,0.055,6.732,0.448,1.069,30.0,3.0,263.7
100,0.5,0.7661,5.5947,0.0107,7.755,0.102,7.153,0.675,1.387,30.0,3.0,267.0
100,0.75,0.7709,5.6123,0.0069,7.804,0.053,7.961,0.695,1.515,30.0,3.0,258.9
100,1.0,0.7685,5.6037,0.0018,7.69,0.167,10.895,0.517,3.321,30.0,3.0,245.0
100,1.5,0.7705,5.6009,0.0046,7.64,0.217,14.219,1.064,3.281,30.0,3.0,275.0
100,2.0,0.7655,5.6474,0.042,8.008,0.15,16.556,1.119,12.793,30.0,3.0,285.7
200,0.0,0.6581,5.6054,0.0,7.857,0.0,0.669,0.0,0.1,16.78,2.02,102.4
200,0.0025,0.7754,5.6046,0.0009,7.857,0.001,1.226,0.004,0.1,30.01,3.0,218.7
200,0.005,0.77,5.5972,0.0083,7.851,0.006,5.025,0.008,0.105,30.0,3.0,216.8
200,0.0075,0.7686,5.5628,0.0426,7.859,0.002,1.226,0.016,0.19,29.37,3.0,201.6
200,0.01,0.7693,5.5605,0.045,7.858,0.001,1.226,0.021,0.194,29.92,3.0,204.4
200,0.015,0.7732,5.5991,0.0063,7.853,0.004,1.553,0.026,0.1,30.0,3.0,218.7
200,0.02,0.7737,5.5977,0.0077,7.849,0.008,1.553,0.032,0.102,30.0,3.0,224.4
200,0.025,0.7744,5.5974,0.0081,7.85,0.007,1.268,0.047,0.1,30.01,3.01,219.7
200,0.03,0.7744,5.5973,0.0082,7.85,0.008,1.292,0.058,0.1,30.0,3.0,218.0
200,0.04,0.775,5.5951,0.0103,7.844,0.013,1.337,0.061,0.108,30.0,3.01,217.5
200,0.05,0.7738,5.5973,0.0082,7.837,0.02,1.374,0.082,0.106,30.01,3.0,227.7
200,0.06,0.775,5.5971,0.0083,7.834,0.023,2.904,0.099,0.109,30.02,3.01,224.8
200,0.075,0.7763,5.5946,0.0108,7.829,0.028,1.512,0.094,0.162,30.0,3.0,218.1
200,0.09,0.7746,5.5502,0.0553,7.808,0.049,2.298,0.119,0.875,29.6,3.0,204.0
200,0.1,0.7749,5.5502,0.0552,7.807,0.05,2.427,0.134,0.912,29.6,3.0,204.1
200,0.125,0.778,5.5564,0.049,7.795,0.062,1.998,0.182,0.471,30.0,3.0,204.7
200,0.15,0.779,5.5995,0.006,7.787,0.071,3.953,0.326,0.443,30.0,3.0,223.5
200,0.175,0.7781,5.5609,0.0445,7.775,0.083,2.498,0.252,0.741,30.0,3.0,202.5
200,0.2,0.7779,5.5856,0.0198,7.74,0.117,3.155,1.256,1.318,30.0,3.0,224.1
200,0.25,0.7784,5.5481,0.0573,7.768,0.089,3.321,0.358,1.294,30.0,3.0,206.0
200,0.3,0.7796,5.6084,0.003,7.785,0.072,4.553,0.673,0.312,30.0,3.0,230.8
200,0.4,0.7808,5.5621,0.0434,7.739,0.118,3.447,0.725,0.786,30.0,3.0,208.1
200,0.5,0.7815,5.5649,0.0406,7.728,0.129,3.889,0.915,1.017,30.0,3.0,208.0
200,0.75,0.7825,5.5677,0.0377,7.68,0.178,5.102,1.261,1.803,30.0,3.0,211.7
200,1.0,0.7837,5.5703,0.0351,7.658,0.2,5.856,1.73,2.233,30.0,3.0,212.9
200,1.5,0.786,5.5634,0.0421,7.621,0.237,8.052,2.59,2.582,30.0,3.0,213.5
200,2.0,0.7876,5.5646,0.0409,7.601,0.256,9.283,3.439,3.269,30.0,3.0,216.4
